X0,X1,X2
-0.0039503220325732835,0.4636148697828459,1.6021231815343415
0.39715738554498375,-0.34975235014627265,0.011676341183375238
0.2018554118877521,0.14879813529282937,0.7839946819994217
0.19933211407628112,-0.0794239393904623,0.4240394576367282
0.40868379054330567,0.09936536356802533,-1.4938393869941649
0.1469076032980029,0.003145874489995676,-0.9496078604969971
0.6214143859974548,-0.23352116135926743,-0.20937462969892262
0.3074434060039587,0.08406565576574498,1.426371395054407
0.8675925622448236,-0.8035706841861554,-0.08322251735865871
-0.24469499125983574,0.6649430490402135,-0.5633014418251213
0.02438555159261313,0.07021000962776379,-0.6018567447662012
-0.42541615836561975,0.71506003469667,-2.271086521892706
-1.1643479283477705,1.2300754859040135,-0.7311249826028792
-1.675084316836403,1.681552695907317,-1.900109943099341
0.4064174440136628,-0.4253754833211761,1.15680274896416
-0.4021970421152292,0.5345204349720492,-0.6385152616724574
-0.3337658144582777,0.04465658435936548,-0.24304714665984836
-0.1754047492889107,0.42127943982053506,0.26816458351752787
0.7310912070207292,-0.5517615197741716,1.5231586197251246
0.8673554925345083,-0.469107194613,1.4492819783473723
0.9746786472972739,-0.32149869427586253,-0.02578260191181514
1.191469993339644,-0.8166333291129375,1.929846076675239
3.0597077084261777,-2.4720983420099856,1.8627073771906324
0.619413612612695,-0.2187765966723958,1.591189988248383
0.4919861246159709,-0.3144873890406261,0.6352985225946781
-1.6294182269463127,1.8991943328330239,-2.418177166692577
-1.177148903719575,1.2278768670101166,-1.9294096172845363
2.3428455409443196,-1.7905490683052006,2.776137271149114
2.8447727957628746,-2.546594737355431,2.1629089838268096
0.7570774056904142,-0.3669303107685435,0.6962597916176574
0.27894484767903815,0.06938759594640753,-0.0465216316225347
0.8576229042282026,-0.6258542128380288,1.9951726967479466
-1.496025794237375,2.0179521462944745,-2.1697137055989133
-0.129911919340022,0.3095556894337826,-0.06126924224370234
-0.01625154392805328,0.5500155683631075,-1.9247663038714562
1.9275186607734915,-1.2213666069864157,1.8901214943203157
-0.5481274129160957,0.8930216186908344,-1.7106228793185307
0.6814257232381279,-0.34894176429429324,0.06012860703942169
1.0092568444592778,-0.9136368162267069,2.5196417643478353
1.3326677591572191,-0.9528650117769738,1.5483947733516321
-0.03768823650356956,0.17031206129032486,-1.1244871908794796
-0.27196627436875953,0.5943377083883296,-0.48983951875909804
-1.6244723410133544,1.8734046332172527,-1.4354161189993757
1.3937451904576998,-1.1941217907690116,0.526782432210574
1.4251703039761918,-0.523991479807927,0.844430726705681
-0.09298213346492873,0.7060178639534347,-1.4537669161937203
0.5616825561175396,-0.454778202902889,1.7442555738745704
-0.9156693185164776,1.0293988748330438,-1.4472101838753968
0.16183706734435654,0.12815385960499684,0.32440465605703395
1.0124051026169028,-0.5811170177063036,1.1443743609607817
-0.08705260052036351,0.5265504093084432,0.3059415577142612
0.4091114547671319,-0.23132359745873315,0.5637581663092894
1.350517771670472,-1.1388551248902437,2.158519727189276
0.896977705582046,-0.6281533941104755,-0.5989681004257053
-0.20456430813132176,0.6327696074346351,0.32816660373775763
1.8178781678132157,-1.103420028137191,2.378228245426243
1.9630232179816538,-1.2390869528787902,0.5045258672194344
1.262905490575755,-1.0944347136553532,0.648034946359231
0.8971900247581012,-0.22261774887549146,0.267666792345558
1.0016903126213244,-0.712648431278414,0.6059302435157035
1.152477943825462,-0.9597967973472042,2.182636143244176
-0.7945642977611159,1.4006327508020506,-0.15266961402554524
1.3319630328734955,-0.8197936278589824,1.3660050524419058
-0.4112480109374115,0.5645338731733052,-0.13128060343084197
0.5334809525869837,-0.14336688566717248,-0.9748811515201905
0.2620594512317939,0.28844854955259686,1.2089122250622155
0.7828397197213774,-0.3126225200454175,-0.20228722367160434
1.9484926096747337,-1.5253216838286558,1.4225050730357882
0.8356350787062425,-0.21754104745496483,2.091847108412163
0.2441822566274381,0.4652880015323254,-0.7237499889560937
0.9597350101742401,-0.8623168094808944,-1.1641095477683874
0.45704886983025783,-0.022194173591035593,0.6904304772293446
-1.149638510845092,1.2715175537078904,-0.5544264324755286
-1.2925324238023679,1.218190676992283,-1.4748671577054981
-0.13241036382468752,0.40400494334269405,1.1662641623175491
2.159418526675282,-2.203135067204153,1.9128385220236208
0.0967136168160424,-0.0815848908292978,0.12682392947281912
0.9469148201448969,-0.3818138193360181,1.434532439091128
1.5115671367192487,-0.8147448583395656,0.07185900228695008
-0.8559887754072933,1.0881724923021296,-1.498453196823302
1.5755434779462414,-1.4147673307999,1.5306404380385707
1.124454933284265,-0.6355848195480532,1.3520034185442875
0.837245365296544,-0.4050058264390636,2.4253933799081935
1.2222875843096177,-1.0446008304423662,0.2675800905522687
-1.5286307801709165,1.352759046435737,-1.1228225338207096
0.4971767119266656,-0.22032725900512976,-0.16393692087121692
-1.0674675334872288,1.1481593148103941,-1.939302209601042
0.6509808834767539,-0.3042502850586795,1.9268681257057718
0.17885129634103364,-0.06559211451978261,0.3611119991471333
-0.05462836372811125,0.08800430995904099,-0.7450454444955438
0.8671501659649701,-0.4642917385246279,2.0779576163767244
-1.2723380630713628,1.5414743017719457,-2.817119848857004
0.4123631260093808,-0.004049853289468053,1.548882956062447
2.3250470972428703,-1.698013885353557,1.5393898146816154
1.2849206336928434,-0.6484452099470692,0.3842894051364947
-0.526426212042807,0.7029351009979867,-1.5186422780785804
0.728498662318336,-0.4928489062944771,0.9756623621375116
0.18823767809013495,-0.1879495115722133,0.38500782799225974
0.7998544118481494,-0.7730812093743953,1.1937900674260074
-0.730163688275416,1.2125360122070492,-2.406917391474285
0.7795625190432396,-0.21144170513885363,1.7499425080511517
0.35241844652734966,-0.15090063935677533,0.15749334721119906
-0.7108439467407252,1.0351500858344667,-0.30521789423465917
0.9861138603212568,-0.5700650972907106,-1.5405794660617884
1.5966816685232241,-1.3511261801492649,0.8188480906993534
1.3992974516625134,-1.060132176195324,1.3444460037044066
-2.0456026793290447,2.4243685212296917,-0.8024591276115451
0.6679097766602986,-0.30390424203317257,0.7572378543605713
0.6834731596795905,-0.1269359229579312,0.3723066600677297
0.17556307017606299,0.12959065099860234,-0.2846902589781935
0.1928355836252567,-0.07422422520409694,-0.19262911355637213
0.739543952729611,-0.27630564604403973,2.030553017109164
0.9639283865306908,-0.5933158004626675,2.6315365463859055
-0.30750154857322143,0.8022139926105776,-1.445858953674759
0.5504520853416071,-0.27235250221169727,0.6541491138032957
0.1370344460866387,0.5092632881174189,1.7059843819376326
-0.32990183908884785,0.3328897855291011,0.01577955587058294
0.6901040738608879,-0.3900295090966833,0.4847465628170999
-0.1706750210936271,0.13669140150190257,-0.7044262676758056
-1.2511301335296583,1.5053893049800755,-0.9374359134841687
-0.13701142347500994,0.79672225878089,2.171037916432389
-1.2618452144189245,1.5374047666461603,-1.0872077802707432
1.1839099066057042,-1.0773240489349232,0.2505827462169524
0.09338169029415944,0.48054157073440207,-0.34789390079376803
1.259171858712855,-1.018255123311356,1.4578974688483304
-1.4957616845673103,1.9606151376129475,-0.7308762496361231
1.8190662895111567,-1.7137035663908078,1.847646217369578
0.7880907479663039,-0.26941284957391826,0.3710109854710876
-0.6894814812651305,0.5541073467219237,-0.9932192940265376
2.2178266439828587,-1.6809667936377921,1.9475836217219396
-0.30197118675628476,0.4158999975080139,-0.4306185050713919
-0.6941544499368918,0.6193889030520099,0.794364863439298
0.2039261297669147,0.2682451038336947,0.5106075212053208
0.7189995261071049,-0.4249651714360827,0.709661211336373
1.1419197933830292,-0.904577364137788,2.1031240807747755
2.480328060465797,-1.9974732456811846,2.4389941646095075
-0.4322522039645933,0.7581040379868751,0.08072171244192683
-1.295444543096738,1.8065959666657212,-2.982095007670515
0.6332350856068287,-0.4074380802550482,0.2559494436604385
-0.8137060557338257,0.983256426398979,-0.418511786357132
-0.872134397143404,0.9887310476800624,-1.1931174092941397
0.29760952386413414,-0.23769693129218983,-0.07900967453449842
1.558795546812255,-1.298436897762544,2.334390769882824
-0.4299215727747745,0.3961356926822574,-1.5289765787539853
-0.3296237473925381,0.8125916169706757,-0.03534284919420416
0.13765072494416566,0.17125905286275908,-0.16504538147563996
0.02831131111782631,0.23881159617091335,-1.721629278647811
1.361047463190141,-0.8940864670505493,0.7651743516964145
0.36209998376609476,-0.1740093318016677,0.008862248095495462
-0.8010443224591314,1.221045020951228,-2.003762593159796
2.528599539609986,-1.701306592920053,3.2012935999552083
-0.22849747663466502,0.09855007740231558,-0.8769734676340513
-1.1647437465148256,1.5439945251756821,-1.6881358609659451
0.8877295610325425,-0.12102384673796507,1.1611449374862457
0.39023690238800723,-0.21571934248029237,1.2944137657079857
0.9198804550174718,-0.43092245294023324,-0.6376534416128504
0.2713331445614906,0.08952987380885555,0.20626763200299708
0.37113270904704515,0.23985546993449686,0.8478474285384587
0.5044196518941635,-0.12493582260860703,-0.4536596584846452
1.1711846203071574,-1.0629287437619275,1.964270695099934
-1.6674057787047367,1.8001462423614076,-0.19888441608185947
0.4697308060211507,0.032884171590582045,0.6411988742455383
0.3571164031492621,0.2704452451931956,0.3493305414561352
2.3569447834777826,-1.833302242967866,2.926714020790206
-0.32204956404509455,0.2500935326287442,-0.8727714282788264
1.4872286445670881,-0.9345881499560644,0.1588504015386707
1.2132923062305685,-0.5382363918847752,-0.9660733658433711
-0.2703993245323647,0.31857488886488916,-1.7398657037695202
0.9033486524860795,-0.7795122424541566,-0.29406694238337483
1.16672940233923,-0.7191808326615787,2.928556936164332
1.5320178649059653,-1.0253113140451748,0.976202987977214
1.194206794720162,-0.7977418345521228,0.5794078926215007
0.3054192511553033,-0.16778715517859255,0.5517117669117175
0.8641648341716859,-0.6117734843799012,1.2856363572758305
-0.20537389364308878,0.3254980719593695,-1.4636056809190845
-0.46327597382750185,0.47745923894476905,-0.3006944797418878
-0.04885537537104373,0.6477336274241869,0.8081328956290944
-0.2841516802048194,0.46083171755607144,-0.06829802809876295
-0.3945767306902246,0.5202987468898811,-1.3806712667689687
1.8691512603159635,-1.301366792661818,1.7881749535754015
-1.2604833003650824,1.4396141150792456,0.569432349082921
0.7047361886459129,-0.08211388736278247,1.597659828660293
0.7366692598833491,-0.660849312693427,1.074130090255828
-0.6941733101858224,1.108621319623103,0.6643461778514862
1.6162050868297526,-1.3901006421224034,2.579726739414196
-0.5379783809781182,0.9845355420281107,-1.7140638663576653
0.5556347039005862,-0.4080048260636538,1.540795102907781
-1.1887314508512574,1.6014627471350158,-0.9256723164360359
-0.9056352251251373,1.0669971260377629,-1.7545974894822045
-0.39458459556534065,0.8607969720616486,-1.158125309197442
0.6263018112160756,-0.5512257511488257,0.1290102919295773
1.7801616493883685,-1.1027692215190399,1.9027889246295568
-0.7474318841727404,1.3473930267196321,-1.2352950863732324
1.1291485627185454,-0.5579254970398954,2.28518427327825
-0.17034007813809737,0.381731415872951,-0.7082861464178627
1.032642976512009,-0.8653082205568181,1.0184232326090057
1.0173994590207174,-0.35364346039369854,0.1312350748937413
0.546601333642769,-0.1920107243063175,-0.5307059460672432
0.657877486007312,-0.43365612633418504,-0.01867567279711435
-1.3459018348060199,1.3921056565952306,-1.9512085199213325
1.0062741239810835,-0.25070732337361257,-0.06432610337540157
1.4923779217051218,-0.8521542509117757,1.626180826995788
0.25979816720768184,0.3329847581182006,1.3669654831923472
1.118925680634177,-0.40452597141138535,1.178936107096171
1.0749036751858076,-0.9230858654766322,2.635537013095334
1.4919334902643824,-1.2715074391306818,1.7663314246434172
-0.35326940625030334,0.5560411856123074,-0.42125730610319995
-0.11750757464184552,0.3903795104220924,0.8568268210275974
1.0864777969517625,-0.670081719247644,-0.3524557641753293
1.0550559913525628,-0.662283361587246,-0.9722360645108672
1.6585504300520157,-1.0375589606824036,1.27858417077648
0.13978719526099231,0.0008675760685324663,1.4795899283590328
0.3783584038994257,0.4183465864135422,0.11339443055029305
-0.2872687628528129,0.4118281392995058,-0.09514874918964089
0.1632820527233477,-0.10330408554513723,1.0523249943772655
1.6402898675032933,-1.4480173038587658,3.1125021202212864
0.3703993826364703,-0.24584635263375024,-0.08727521496484403
0.8578924990648057,-0.5949187497298766,-0.6204915794093456
0.3149227973964772,-0.053911881559475516,-1.017611980365171
0.08601066780887034,0.31025321494469926,-0.13906188799681268
0.34965985777274755,0.09000602809504638,-0.5811657182145087
0.3304735287173831,0.21916919517024386,0.38976821151039015
-0.5429427461320109,0.6493370227656309,-0.2953879684504002
-0.3297285629779454,0.8280968338287407,-0.47357462192628896
0.1789863945528879,0.04116220812193913,0.8347788642368927
0.8925831826179441,-0.4663305829887127,0.4877878858507335
0.27987804808485384,0.07848359075949807,2.4796304371431814
-1.0784489593024942,1.3723153922435953,-2.147933426448695
2.7897594530935974,-2.2097969423289827,3.1595663345089156
0.6382344439153593,-0.5006238812598935,0.06617093186405976
0.0661604813630512,0.12096734032518638,0.3095195228881327
0.4579455125253454,-0.42925399917771867,-1.3102131811281261
0.35520784699148866,0.16757309020829086,1.2155959899965354
0.3902347820493258,-0.098117315754563,-0.09948550877632223
0.8857123049209586,-0.3021017600829204,1.4883872941907776
0.7917635462824906,-0.5307622558726226,2.108551294858132
0.5092482265565218,-0.27201895854851255,-0.9346517364940432
1.377068299380332,-0.6880499714218633,0.8856953892299719
-0.4895656920486897,0.8179384170827744,0.1814069548327653
2.2591486853946505,-1.9097059215925998,2.795850830377299
0.6145600809178869,-0.20669158909932916,-0.6148953069167158
-0.5330971756762304,0.7755514980160054,-0.3482295897336639
-1.4130594756604675,1.4903686041461628,-0.24525886609233316
0.6259236630051774,-0.34232255230575237,0.8452155246766248
1.0655722379567636,-0.8620637830260006,1.2723468230139756
0.055260261827980106,-0.1998016650197455,0.043218485301841365
0.16676931606575982,0.3384968856814492,0.7473438081358128
0.0031202005794413457,-0.1088625978094369,0.401527352214919
0.9387884392656246,-0.6154901852358186,-0.47396985445814377
0.6391712387977356,-0.22282255294992692,1.1517503911512965
-0.9678341928572741,0.9878423951601961,-1.085645766274774
0.7692884838025228,-0.0821219482100155,-1.1330678265411993
0.4337259792014031,-0.27573878930030427,0.3030639446997673
0.8047750262563371,-0.32229730267836076,0.08598066666902116
-0.40657637224294285,0.6785550124511031,0.08709519514671121
1.1432806054511033,-0.8106439476765217,-0.15599443359210174
1.6544608959598306,-1.3202811144323747,1.263801899481428
-1.581821300812582,1.819024001491674,-1.878179978203425
1.2554754055853912,-0.6096320218960505,0.2474764417689308
0.3355509416108151,0.2009601668004074,-1.2059629879653513
0.3088086424232177,-0.17035964126430905,-0.8905208379879889
0.13833443123197905,0.5989227717267027,0.6659768847825707
0.04504614141782831,-0.01308780737911057,0.10644894695705145
0.5965521409476969,0.053143354018137634,-0.3679212609821809
0.03662747433952157,-0.0051208460023370525,0.24974277094777392
-1.8869589973822238,1.879276712311334,-0.878523076283949
0.9861379032502817,-0.49889847699744183,1.3263183705330295
0.5095414098389255,-0.4896880595300938,0.6594371950233042
0.9697102717581194,-0.8188461512272626,0.5703368115162877
-1.3045243676215468,1.3758005698460352,-0.043839394069454585
0.8105360046342673,-0.5129209594893034,1.4997830102207494
-0.27167638625274226,0.5879841684282786,-1.928651730900234
1.116749019044739,-0.8161426972365066,0.682687909327039
0.6302703147480557,-0.12402966591346715,-0.9479550474990392
1.7197646379567506,-1.4839248515210495,3.2638773848157427
1.422723739430087,-1.2233487608649454,-0.4273909264162876
1.3596577911179306,-0.597321373620062,2.5512432945573487
-1.6273895516394363,1.4232397933794159,-2.1186824905623283
1.5494804533575945,-0.7458104665544137,0.15252888634885742
0.9842280389579162,-0.5388203063035547,1.6636800438935335
0.31991310727526007,-0.38902798742500677,-1.097647365960126
1.5096259885231382,-1.345067426813787,0.15698974371760377
0.5929964628629727,-0.129066630659315,-0.09622773787983052
0.753271854488899,-0.2283952019168201,1.7730324910725472
0.8403669938842898,-0.3412672029243401,1.3300483439922193
-0.08320167639446585,0.21970036024367107,0.861917453168829
0.6369764596661508,-0.3982781126656397,1.5214845414466742
-0.9094491497610838,0.9230665895386384,-1.4720060925934257
1.1343079428343286,-0.7965131319497982,1.088400660693523
0.310627867370694,-0.11942236460160133,0.06943255446568158
0.8105762148371145,-0.27434546895741374,0.7964765511464743
-0.43874964533789396,0.8794204588367708,-0.7907618643621175
-0.2896820366854521,0.6457300855902731,0.9408589251431378
0.6505067860349463,-0.037541722804055766,0.9479925744943954
1.7031849334465412,-1.3478151450846325,0.7519963252893973
-0.9832592432874429,1.0145403217146092,0.14165851626366666
-1.056561233083019,1.3780720491514675,-1.343160919795531
-0.2179350968072734,0.3243110094595879,-1.0876595735047918
1.4185707687692535,-0.7888752709956314,0.7134614747996968
0.4849059859198486,-0.16152028505228966,1.6274988656306273
1.5468297357188519,-1.220860380125115,0.9544284437079051
0.15667138830045657,0.01793788023746487,-0.5143532343679035
-0.4473619929455477,0.7452854253724213,-1.7089836220903383
0.14463398329008512,-0.035785365922201245,0.20501603814979374
0.7526601599621071,-0.37969490945923506,1.0793918411021104
-0.5945666666181009,1.075274660777262,-1.1652880125546092
0.5602855528176949,-0.3142696452779952,0.3084554279473467
0.4272355095696623,-0.049618478576511915,-0.19966562913517738
0.21912250596619148,-0.29528631220014495,1.8383289857213145
0.8746827718453234,-0.34389592740123753,0.1872856034096454
-0.9162198082524456,1.8758415778030946,-1.823020903610614
-0.40740422606757243,0.8655630603434046,-0.33388931273342104
0.8232150188120538,-0.057445954171986724,-0.10856743793388235
0.5352414123368354,-0.44997918009219795,0.9266332857428449
0.84263261452925,-0.37551503955915894,1.2702770362150542
1.0863892473467112,-0.6825715153495163,0.3983153375478855
2.151307543296016,-1.4071915017945906,1.4909552219137043
1.118754255001946,-0.5869378510132076,2.385327647830503
1.622654768349637,-1.2158889278618088,0.45048058563808
0.3484854300041367,-0.27090009145026916,-0.27552821347346357
1.1771212728982572,-0.8031814518799267,2.5894523393400313
0.683855381204423,-0.12697523110521614,0.04665074187694107
-0.13672264532687078,0.20745055001035284,-1.1901297881414235
0.21295800360858916,0.6754954577329223,-1.2036941735981739
0.06399797556359138,0.08603023336736469,-0.1977197299002293
-0.20364348319670766,0.24720681855603588,-1.4604608117790527
-0.13208716981217156,0.3008758794482601,-0.31604172035559974
2.144195890799383,-1.7866579705882202,0.7494678874244931
-0.494932843424553,1.2277083403191218,-1.1980384868089444
0.2177613866868744,0.5612356836668937,0.6934546022561663
-1.791299904315251,1.7914445760678617,-2.6656570816150027
-0.3095291465935658,0.682920021696524,0.06169749204493924
0.5324074194252655,-0.10132147126150615,-1.4784719559363109
1.2700343600655861,-0.28284789955253575,0.1583928406483197
-0.8562705207739402,1.2882457351244208,-0.561511985607066
0.4083109149669099,-0.3003424057758147,0.34384161498083593
-0.19041765191977478,0.7011336166728845,-0.3484487591661787
0.4383582647540998,-0.013651200981108003,0.6172467860748473
-0.392013163918987,0.617985186945556,-1.6010940154919622
0.3354085102584124,0.18605088924356716,0.5720223470282879
0.6260181714051158,-0.5219126097749902,-0.12447669859708899
0.32099833690368984,-0.056240753804917665,-1.4087820053778286
1.8641063298606597,-1.2146531652285835,2.3661309736306793
0.9034658103256313,-0.6878397356015903,0.6419557849176581
0.9219539612318026,-0.4100820829030244,0.40288142710079194
-1.3907159987710411,1.6184579098711618,-2.094237282564767
1.4206336755731401,-1.4519377941670213,0.7263069010824824
0.9013557046591971,-0.4035324144751322,0.407348449538778
1.715352661681929,-1.6162869593924736,-0.5480793266057948
-0.09833620739188553,0.7216845561366617,-0.004552868730248155
0.7802190462293795,-0.7239866710747145,3.1345281278813624
2.570157615656555,-2.2035224473777304,2.281989066543141
0.590094432524843,-0.46237142706583656,1.2663220479305073
0.5743822452530002,-0.4042456668377792,1.4718227744170331
0.8618138088174356,-0.46780070593570044,1.2104347989582203
1.5021682051766025,-1.4754136436234662,1.5906809979548675
-0.07869989668113714,0.30379529402277516,1.033716344521252
0.62245081752094,0.053194929879147645,0.740499634517458
-0.8500477811591255,0.45305143268004333,-0.8244712218566455
-1.240766765851009,1.350518801233272,-0.6141620397923855
-0.40914252977799825,1.0453151112552137,0.5464738658412847
-0.44581004281378267,0.8000387574098814,0.10863071020119192
-1.2190137231878464,1.205881012808903,-1.2583479329396579
-0.8782850074048948,1.2282681539000904,-1.9357468727560527
-0.5427233056347219,0.5712236215580497,0.7190245825621994
0.5945461692648222,-0.32645000223524984,-0.3170170266264879
0.649410254469698,-0.4169050642487189,0.26473557110791324
1.1845451587133895,-0.7500275226182631,-0.2832173315230513
0.3722905782370439,-0.2183701021994369,0.9055092587224849
-0.3296987833680568,0.812726635798688,-0.5060181630550092
-0.6341309089411405,1.0537830931993688,-0.679690738979301
0.9207147243812862,-0.2337816568719776,-1.0533088187183983
0.30238268731448414,-0.013049505691145102,-0.2537423692918578
0.9392438417200077,-0.9630641313133717,0.8860953840604865
-0.3298760410285675,0.5515837147467122,0.5212216224423443
-0.6848437291129493,0.7794301421080007,-1.3500200218362362
0.04762307153380746,0.13026113556717459,0.9536639077862669
2.8860424486655396,-2.610762083571206,2.3402904678052288
0.5525021070501861,-0.2147494217660434,1.6337453230775774
0.3255112679417356,-0.08480534808846049,1.2378832130314472
0.5206933333690278,-0.27946865739672666,0.23594795425510953
-0.5182292924963356,0.8419892953435658,-0.940881428940713
2.0745435948450406,-1.5153050473625653,2.080157973464233
-0.7710863940555946,1.1171494606523176,-1.8034980385541766
0.019539875680354923,-0.1421792335051093,1.5140515903774827
0.18450437193606428,0.03673832765636775,-0.5319587460554029
-0.8720130044758806,0.9339711101778759,-0.9313018499471417
-0.17212697933423082,0.5043842947940232,-1.2296175783656398
-0.4451062593830637,0.32014884342434724,-0.5936206867492437
0.6166089741914217,-0.4162643191247686,0.1274699946197843
-0.07648051840223596,0.24644051262898695,-1.0231903942689597
1.0547332097586224,-1.1839361857402813,0.9047573797697265
1.2618058702663504,-0.937228391891797,1.6191451738763343
-1.5186422554367098,1.528075588284935,-1.7545246744900096
0.860407142012743,-0.6537890507584077,1.1622801922124049
0.4496306271919327,-0.5220473734784767,0.13000607628017424
-0.21003855469480714,0.4661689339037917,0.5863025274902555
1.2502333526616738,-0.17457616609611748,3.0266001674217384
0.5614678428258641,-0.33370367877635687,-0.5879733553903979
-0.5051767540902711,0.625139094762063,-0.03733971576258854
-1.0126095200433451,1.3286794522012357,-2.0595819548360415
0.258445853691427,-0.319946895894454,-2.204471211125476
0.8754516227348036,-0.4469002480526622,1.9491511863160036
-0.408668451657049,0.7949266267833834,-0.26229708775254906
2.1936768904693347,-1.3480399894961699,2.1654347909251834
-1.4264379101350895,1.7275788816095345,-0.6013832619672099
0.6709308503454894,-0.12629821161099908,0.48133562343598735
-0.24002179238227372,0.6055029142005831,-0.12731920353954912
1.492977548689686,-1.4882894395291997,1.1423770372054949
0.9133597173325253,-0.5977182901688061,1.32899535179937
0.6648101227583285,-0.5213412507271967,0.7600484023569375
-0.1480921642961185,0.24343198508689465,0.509349747074986
-0.3557854558743677,0.7172459251219977,-1.0551647405496651
1.4505809784758146,-0.9169124980066906,-0.6258252379755942
-0.2749499925726896,0.46846083591184573,-0.049061139798787706
0.1567712643323795,-0.0019451175374438079,-0.24823443954727717
-0.5699233204600196,1.288591070251861,-0.42121690445788407
0.11075328111725283,0.20916381722935823,0.1092779335638173
-1.75886083559922,1.6131427785066603,-2.5799251008235187
2.2380136781074946,-1.5688141184368876,0.5261710527148051
1.4944923775887329,-1.1403407612831844,1.8936389869100034
-0.8957409075585728,1.0258850198283487,0.2999166052735449
-0.8109526040819842,1.2284656486019876,0.14814583850689933
0.26190897880449493,0.3445624118097828,0.23561687906194798
0.755283596769398,-0.5813580473565523,-0.9895435691748875
0.7163717912659755,-0.47763507598794186,1.4018445315972277
-0.9324845190778991,1.4432403059960062,-1.255759484997233
0.5153239331412591,-0.661114319936563,0.9465901448505323
0.10812444274166691,0.11193868762435065,0.025812465556609793
-0.3931350703451346,0.6795341511672077,-1.880819434304177
1.32483422445135,-1.1054031852068222,2.535071618155296
0.6030379696810235,-0.13745092650324714,0.6150717801114575
0.810993006633643,-0.4343013085577432,1.0541756719849873
0.5148865577595534,-0.15113187378020737,0.005730560937004137
0.16086506061119746,0.5137796679782873,-2.6475902027418874
2.163241554083743,-1.6555431194582524,1.3915900014982105
-0.017617381019962408,0.7723662189603353,-0.7593045302484778
-1.3717576211346056,1.6062331432099448,-2.0088190048705137
0.05426087982344474,0.2149103795787413,0.6743775777035339
-1.0266574276501266,1.1885136716724005,-3.192303578874767
1.216595111505613,-0.8538349717775717,1.313691499105179
1.5754360655326742,-1.2174312597041792,1.3169100000290264
-0.13182062083947826,0.6660524485994388,0.4956955112092673
0.7674571272703206,-0.6011841404054583,0.08961753424616103
-0.02470133791512008,0.07727319091706236,-0.700836643652335
1.4250210370832623,-1.5277253893430716,1.1612613405070256
1.6162286366216905,-1.254574317849163,2.667389620467932
0.6014285510159757,-0.3584524069847269,-0.2135512224104278
0.2293538879510315,0.07718704889553166,-0.01007036197046468
-0.4278854938634745,0.461087753598994,-1.2676997612984473
-1.5015984447050035,1.5368064402403503,-1.3483947310700592
-0.3696796820892564,0.03559308845285836,-0.04449811926063357
0.12411420964063966,0.008089773332539643,-1.1666263701464459
0.1658431919277514,-0.2241124688918389,0.6127507994003506
0.9722880326394077,-0.44407299207163103,-0.3350755472927758
0.7897754321974111,-0.3188994181548779,-0.2048934404619952
0.5248753819841595,-0.27325682688175795,0.3917472828980916
1.47581581256545,-1.4074976124209835,1.0610541229900028
-0.9867578719542053,0.7479059327347813,-1.8010681644335398
1.1033905495958236,-0.4971421434658982,0.9437901640268376
-0.5440027890707843,0.4806663009589647,-0.53875761647501
0.7566139066613844,-0.9460255262623499,-0.012528153714768564
1.4406897110045374,-1.2239187050218197,0.34121904788341073
1.8301954448277726,-1.0833507653260852,0.6212113857025414
0.23021230231532605,0.6704141215258562,-0.17043070831094373
0.03687007970805528,-0.07913002986451398,-1.4868666161889086
1.275462791459589,-0.86070853465678,1.5991827190822416
1.0255529752393326,-0.5146667650263465,1.8174935419450913
0.7957400897914129,0.03668384844719974,0.303393368025389
-0.0018234509840094337,0.42997999855621605,0.7994584553293315
-0.6560869590001238,1.0153384118882092,0.3437270879482056
-0.7631789663941361,1.0687577156791792,0.039227924682282866
2.8297839984719606,-2.2517577267985858,1.4077779518526135
-0.12112572087695439,0.1242112825573625,-1.05549969703958
0.5416613773276084,-0.10683715122730464,0.15423912811584417
1.6335065471175807,-1.0369427251486827,1.1608162423206605
-0.6334341075687772,1.0692764598316633,-1.2877860623521742
-0.227370451746566,-0.03995133296792272,0.30974576942283266
1.358505548477417,-0.9387877956927348,0.7290316476179702
0.846116267308167,-0.5746714303953434,1.9503510653881473
-0.9700473855749848,1.3718634220857162,-0.5008226478602419
-0.3202155523127457,0.9286142398795709,0.520919346061802
0.09898680339151594,-0.07104494776519939,0.19153954650824423
0.1052596554499767,-0.10446006146665547,-0.5270945269571791
0.9755284863730451,-0.4250858567078513,0.2974514279961654
-0.10237585206191407,0.536997837979276,-0.8355715465265078
-0.6947634852879762,0.8849300406104537,-1.8705856428600995
0.09508821817291369,0.1374286185455006,-0.20404121629102018
1.7683388074111193,-1.5234249801076374,1.4168266434563965
-0.42455729661215114,0.3553692485909254,-1.210153763419026
0.2942587120681526,-0.0870902854065877,0.45098486904830176
0.7891590783612125,-0.2921468887432867,0.7337147071463993
0.19170053695847844,0.6244552270761455,0.13271115113513635
2.009983018116991,-1.5237396133584147,1.631708102054735
-0.9375068240730081,0.953020953376517,0.6558438082181723
0.06520676466888276,0.2769131472754895,-0.37746359643698485
0.9794016279052683,-0.25666394663593517,0.6811487526106029
0.9482473317203496,-0.4700538446196456,1.536051725233766
1.2898889039121522,-0.924487620098999,2.3506805051720354
0.09923036909478677,0.3063911534640681,1.131789982105511
1.0774216305792972,-0.3570212015678741,0.12559042928263575
-0.5865059832809526,0.6554283004741597,-0.3568807341861548
-0.25280596457642,0.42560960236087503,-0.2189983235975794
1.040907560253098,-0.4587374302063024,-0.04768222064052163
-0.1616085755811516,0.14475443012864517,-0.8270670034714116
1.3352906497045014,-0.858148635800065,3.124399129858367
0.4391538136743908,0.057214493331449345,-0.5902050817550344
0.565643949687415,-0.3854156031142546,0.4781707345925741
-0.05866088475116016,0.3046983709966225,-2.0383708148457744
-1.666611378680805,1.3273937313940556,-1.618455122732725
2.0059380550776007,-1.2462550390365317,2.0776334468631825
-0.6580159359056253,0.7856747782887263,-0.3797880816951895
1.0431458923620465,-0.40760808093387835,0.07272797713995693
0.5866105088360088,0.05682444199885894,-0.6204952192108812
-0.06808176204310573,0.5217967254798381,-1.3302064651907775
-0.2541757088993014,0.3460540791862845,0.317106546932958
1.0017534088341096,-0.339378707606911,-0.6354949531537829
0.7697115111617496,-0.20061711460816678,1.9920128755837156
0.03563497891867934,0.5690683333260419,0.7919782057362997
0.8979197724557229,-0.5402912861016984,-0.03531778887945125
0.44269844401351105,0.20588827646095503,-0.16957278911743634
0.34537031451517647,-0.36324994716895426,-0.4315367699814554
0.17338544210622386,0.001980828076988378,-0.054907967327261775
0.3322441179071888,-0.2576912124738249,-0.0605918500647849
0.9182106041477222,-0.7718073212973489,-0.07063955515868947
-0.5348551184486898,0.847582876087068,-0.00019606916565195753
0.10669486500768255,0.2736122969346563,-0.6773081888571382
-0.3184152486850619,0.5674503970376051,0.6766655727290528
0.40709723636591577,-0.056876200465187765,0.5269093098887954
0.8520820724240398,-0.6760386019283409,0.43038209504084846
-0.8780828689396266,1.2447712720050932,-0.9796511153207615
1.696976042033254,-1.0492720064465444,0.2190155144044501
-1.2468913959949228,1.4842256283829898,-1.08440354895025
-0.9712768151721204,1.061717903190596,-1.2580328154709324
-1.2802902570551171,1.3333751526033504,0.5462931639198052
1.197374821445874,-0.8340974409494537,0.9434419810130916
-0.09656831136170252,0.22160756451303246,0.125368352159172
1.9990935378748205,-1.5876665234786629,2.765219671927892
0.11940960338781045,0.2588151851777725,1.1895596015318328
1.33156522974465,-0.8794229437042086,-0.8545075122285357
-0.6972759520903974,0.9066067760357198,-0.9581305254992405
0.5975056691892966,-0.30319557638742267,1.086188487439855
-0.06771057393821006,-0.03779813419905796,0.026021680965473137
-0.49427559324210446,0.8452271886624158,0.3080913370588611
2.124595370972818,-1.7552977903397973,1.6216305151562747
1.4303817489722466,-0.9369083371200465,0.4166931616424242
-0.09792315577627236,-0.24924109750334936,-0.13740693463537879
-1.0054561715343007,1.2491438345909514,-0.19275503205872602
0.26161088643737185,-0.09721621794951382,0.9053397371397258
0.1038798745180777,0.21434126489696786,-0.21299117784904567
0.44547535191592597,0.13596029091124245,-0.04875675132145374
0.0015415289768329066,0.3519751119421682,-0.5412658322931103
-0.10970359666515489,-0.2952834634988371,-0.7330612377384077
0.6425792687828965,-0.1935149320490347,1.7240919003739559
1.9576588822325731,-1.7306040543325345,1.2988280761349489
1.090167789864217,-0.660318113638323,-0.12222996436307265
-0.36709020498940403,0.3754132356809602,0.8630760097539172
0.2913519185598882,0.003676390408050123,-0.2307278676384361
0.14258844807698753,-0.0494319182358984,-0.09157144005003431
1.0177880098466003,-0.4359925467705704,0.6687408352350619
0.5228323360538724,-0.39956170130287116,0.977800763089279
0.4825254122681633,-0.24022336454433288,1.748652634074013
0.883609555779215,-0.49745036152132305,1.4187318500510036
-0.521560212095596,0.4739508076995045,-0.17311308130237862
0.04335499745435445,0.3191397355173175,1.468769725676741
0.2772934795331733,0.03578623331649197,0.3028353342886312
-0.5877404915763255,0.9758374916306838,-0.6979459693395191
1.2567953458586811,-0.7454986910394574,1.0717301396236056
1.2975859013661388,-1.2252027344017642,1.1789030722263791
0.11892489137264844,0.3309570132928224,-0.741690665493052
0.769477652103713,-0.38222465308939235,-0.6491383100407363
-1.0991384701388687,1.430900036822072,-1.4386873377422915
0.24363666785141802,0.0929785041133509,0.379835487491504
0.1552147779972035,-0.25141359353301596,1.675835761972574
1.5646467779818054,-1.2827444281219553,1.0777154487788805
0.5291511206332422,-0.636190710835816,0.7958953757830843
1.3244586332767994,-1.1865255628365217,1.28282303725172
1.2635285256765727,-0.8060235404356921,3.460544802019806
0.7160357882532569,-0.29303928321077233,0.5595783442756382
0.12531057798685463,0.05030150961762765,0.14478519494087938
0.4411573096246178,-0.08464890030066285,1.4252553959025704
-0.38898657972026773,0.7823444792400558,0.41705029379727987
1.9532072771617957,-1.461070966237953,1.630861202479812
0.2084089803018476,-0.11030618643452045,-0.5604085243766477
0.4574460391106061,-0.21737907078733962,0.2809733395121216
-0.0893430802557133,0.13149185914755698,-2.097445675175483
0.10309411980787767,0.4076565804978087,-0.35513748614119167
0.6390391236766161,-0.6120085346551597,-0.7620780317191796
1.3008911724784964,-0.8158003513002825,0.708242544461267
2.292232477729683,-2.0093204422088387,1.021806760767538
0.030660621025972612,0.11706766004662433,0.20093912468020936
0.10144156488361744,0.014420186741818733,-1.0351783452360068
0.2650904213937024,0.07139504435733032,-0.589243955622123
-2.5466539596149818,2.760105617351728,-2.26937440146813
-0.47586334259513174,1.0581800721023837,-0.43959404642291505
-0.7971453400498915,1.1492852476095874,-0.5575409429329172
0.6808847867953369,-0.26278543611723115,-0.9526388270899819
1.051044270181993,-0.8302827682932769,-0.41233105360844
-0.2622834768297079,0.33063824077598775,-0.7655346085665533
0.2697079620586657,-0.04241575261355254,0.5820084483966527
0.710549427608253,-0.3505680745654672,-0.20892433925503062
-1.4006434809281405,0.9936981799724246,-1.443002553297057
-0.7735665985297916,1.4216185603113192,-1.2607392078026
0.8349105881100741,-0.42964373154350244,0.26878426181029663
-0.9171700588325035,1.0071121137305004,-0.47842227562145445
1.2029435883376705,-0.6510464830354068,-0.49408211443373995
0.8870159061986262,-0.8134644764846677,1.3930379898355638
-0.12743354463842227,0.34070831217719955,1.3397159136554044
-0.13028376654269708,0.6462303342807278,1.0296398430855793
-1.0182976055332738,1.5987619255644638,-1.2237312876870239
0.531733302650272,-0.10724799428372667,0.4267430144594263
0.6769545065576832,-0.5023978272465736,0.5613682602409156
1.1268566267039961,-0.5535722517707284,0.8853779309482875
1.6100085399462318,-1.3263306381795446,2.074356528515723
1.739282538016813,-1.2708036265253155,0.9859246827383781
0.3466038948565029,-0.1682168689340891,0.5787439874253044
0.17098135308743728,0.5118738683222712,-0.9796981554634546
-0.4872937390275861,0.7377989266927629,0.7828109506616787
2.1149806490576926,-1.834405092078916,1.4629638360142985
1.2155255511285814,-0.9493594353663746,1.2731572498981605
-0.010919452691949882,0.40332716109138783,0.791296122538655
0.017738175977332238,0.5300862340198743,0.4781003650947868
0.7812268102274234,-0.5147413424802019,0.6966234684489597
0.456286260403476,-0.34967681615768276,0.2746210857351764
0.5998243423707315,-0.618492822414437,-0.5184484113715262
-0.8657942051384045,1.0692575992207405,-0.7872204934748019
-0.4643460754354838,0.7321385361505051,-0.20379132817095946
0.6201334632926523,-0.3003175608953354,-0.6246748719685
-0.4771681348069069,0.773003737457896,0.8523316908228336
0.8423229333109085,-0.7893653733227199,0.21716717355333315
0.8415670311017971,-0.8748788145699562,0.6236024733660315
0.633619181845295,-0.36711497207835525,-0.25622188101022314
1.0380823712434315,-0.27915476554691165,0.14729308077798065
0.43725302954563583,0.23966882114002186,-0.6839666751669041
0.3110832762697624,0.19243624061061243,1.3453892499457432
0.2639120577550481,0.37109394045985283,-0.670854822464624
-0.477994712400557,0.4672925131711529,-0.40306572726152595
0.3252859726579925,-0.003425141168802881,1.2637610049736183
0.614184513522456,-0.016815949344472503,-0.5999961871029124
-1.5780006298017284,1.6457907131538976,0.19826902831565696
1.142446596750245,-0.8318316468282704,1.5321651775691927
-0.3957785073673492,0.5017567293469445,-0.8099465702105844
-0.7230092285949311,0.706940280092715,0.8236496444651494
0.25486240074839234,0.2001114229672791,0.08602991213159697
0.23693423821238374,-0.1819985081496017,-0.43148636226443937
0.33360943288057027,-0.19393893869330228,1.6346759724121103
-0.5201034537669957,0.5335725734271468,0.03368606701082866
0.8439152006428468,-0.5602436869584174,0.6275017476564415
-1.6687780435707498,1.8701477754586593,-2.077457337307111
-1.0169996751598984,1.1758388055402786,-1.826705993401559
0.22435017472194937,0.041455742220831704,0.03550262277476854
1.2523243558941033,-0.8417957281650124,1.0259581663454052
0.6838534311192086,-0.4448649673973832,1.4373078583979755
0.660575573731963,-0.12293066997687263,0.6024047152268157
2.1122112512322837,-1.458209596198446,0.5194179617744166
-1.0023061239043884,1.6567895276640492,0.09650547085407613
-0.13803324504637743,0.2749519399972248,1.2233641080247073
0.19555697247080492,-0.04506249169580309,-0.2970162500649206
1.1550256499297316,-0.1766489809906624,2.415969476157694
-1.237248431910042,1.32881457771211,-1.047946278243423
-0.8623818832155826,1.0971869269528893,-0.3868016714555226
0.5616518174394193,-0.21996810182488458,2.156817876789494
-1.3453527596245127,1.003616208032093,0.380064329686121
-0.8716329379736808,1.1964913393203236,-0.8168929440640107
-1.160414398364125,0.8745172057378481,-0.19690915719820035
-1.443678055735088,1.4691628406580166,-1.5706651654030312
0.8680451962491654,-0.9390251426397007,2.4404348448872133
0.3927222069060324,-0.07681811279353579,1.7597799580671167
1.1518033331329356,-1.0359866390100467,-0.5913424900771032
0.1440462358787235,0.10591438811563739,-0.8615527146158194
1.9397065249676744,-1.5444721531542187,0.8750198432910292
-0.7886825549986142,0.7829224539934598,-2.476625756877942
-0.3681986107879568,0.9160035467692882,0.7483370682810888
-0.3005156991493987,0.7023198163496647,0.29599585423315583
0.5724159933815534,-0.5588255621017401,-0.30873131536584497
0.38411636192450643,-0.694125820602163,1.0085419871424688
1.426014940335953,-0.9426663958589132,1.9449952806277748
-0.2630340975568093,0.14458131945311203,-0.002689805423707309
0.44801355347341343,-0.21472781665706364,0.10999643852490287
-0.2776438764418615,0.5876799643417869,-0.9234936923398505
-0.027109779569613746,0.25215358580000496,0.1478539876780179
1.035821034271273,-0.8007664544624791,0.3893614486570981
1.1699533352953675,-0.8002247635947982,1.1842186668846966
-0.32499425184395236,0.11611027994638029,0.292514502523164
-0.93471174230149,0.9785399184172211,-1.8330369147083652
2.3126256095160023,-1.7185857586036957,1.832660620643472
0.14678099828590283,0.26041524246491143,-0.15557523549879124
-0.19923672394685066,0.4432883867351032,-0.373974853535915
1.4599125249925713,-0.9724761125793879,0.17600851362498626
-1.2068761998951203,1.4164969029058714,-0.561532764518386
1.1560422673107378,-0.9033909685700325,-0.3117120513544076
0.2134637570583381,-0.13020165848396525,0.9081661608050806
0.1578100049748362,-0.20259842674275275,0.42630720301405045
-0.04633990699707291,0.017192036511000222,0.8240581613079954
1.4117320084999836,-0.8474935010065217,0.6076872863880742
0.13216840358613194,0.15821635806204976,-0.4673795046393155
-0.5352271327032282,0.5901592059779999,-0.7531424126918804
0.7828827847496795,-0.5448493809639742,0.42332392087334847
-1.996017941297172,1.8043163042789048,-3.733291230245883
1.8177548838891124,-1.838070041445706,0.20480105838438956
0.4036541940795534,0.023406052792332765,2.2191615748525177
0.8398191009763006,-0.2985724692728323,1.9453693357767539
-0.7557623228896678,0.6676640637322587,-2.3171763130529404
-1.4992515134891264,1.2253441413755364,-2.691743242225649
0.7608277276441997,-0.394914939021845,0.9585960476508453
-0.8939206330472208,0.8795624639840148,-0.7723813006675923
0.5821882376565707,-0.38103037419233454,0.033303787287690456
-0.7550899758944968,1.0034856783830584,-0.45182566214079756
1.0988840020262964,-0.5577549172163052,1.8031309793006325
-0.016122870813434387,0.5924257461112676,-1.0209448470512978
-0.6155651644211223,1.013689185168488,-0.1910417526648075
0.433879360093658,-0.03496972251196323,2.1017826816745697
-0.9970903826032961,1.1566923313755708,-0.8387071282057698
1.8544421337774613,-1.1102960742699355,-0.3602340940208313
1.3084931149705552,-1.0624312494029717,0.7534123767881389
-0.0005577666449846919,0.4672961936380544,0.24589746560475456
-0.2921750850279845,0.9769813682577861,-0.6556175552169383
-0.653050729859599,1.188354603727219,-0.5105541416580317
-0.5484804552092866,1.0612774598638426,-1.6724608220765056
2.038293662223879,-1.7658512750711928,1.324065025816682
1.603384177103501,-1.0506601745382285,1.9090055523553107
1.9382283456930094,-1.4222289402888866,1.5514672625641734
-1.43412528034079,1.4582999276721116,-1.9522147024439653
0.1968361056061338,0.14509809138809635,-0.008490329002845798
-2.143169670665571,1.7790263205444532,-1.4698918878287057
-0.6300233523649722,0.5690856763284666,-3.3934093971549277
0.8943644911294383,-0.4091556090608033,1.0460952391296017
-1.531432044339741,1.4453321376203057,-2.3675599779076153
1.5629386746186387,-0.8823892500020538,1.6667317575636094
0.43430068384047305,-0.3709394769792976,1.017956436234954
-0.7912166858458781,1.110454522301493,-1.0446763624380133
0.47436638694717476,-0.1429756397644394,0.3125133313585032
-0.6962885808930118,0.9655577534915891,-1.7227949460420797
0.056229983198437694,0.359815199701281,0.5478574759040179
1.5168138233086168,-1.174618519622467,0.33328225348639995
2.075833143773411,-1.9417153145919628,2.953155976304032
-0.6490844530653542,0.7609141133850839,-1.060704749667448
-0.17839027973487276,-0.1767385829126681,-1.0452534985217707
0.13774409472633406,0.5184261690398877,0.5199469891562332
0.33175311544674124,0.2405677362880933,-0.5283995344209633
0.8191534663552704,-0.32468349438767935,0.6007009959173057
-0.3218559387099943,0.49883297841680735,-0.9276722518459682
-0.5603280993327269,0.6178183440656528,0.14130457233756932
-0.4032308634011684,0.2947518903910702,-2.2835046178865794
0.7335054603371358,-0.47904436805379613,1.8710322465474436
1.3426549058283257,-0.7508297052981441,-0.14317384373800235
-0.0719747642497604,0.16476562397794536,0.19415452128625943
1.3831609988598998,-0.8516230099267522,1.5653828149142741
0.2347558221966678,-0.14023714517723895,2.7015402425307338
1.6572575484310041,-1.157414198174324,1.7867805436881237
-0.9761778912964262,1.4184091558879468,-0.7638038769925951
0.5762583083320361,-0.038486543849196586,0.13990930262672385
1.2984511145909992,-1.5790510845736876,1.6186627531559696
-0.004037208303091844,0.5547325315219673,-0.4844446210206124
0.08330139831672928,0.33393118569355446,-1.3989071000502606
-0.39340672058224535,0.4281098102163534,-0.34093973345659173
1.8816004156142787,-1.2498716771978522,1.3745138995710247
-0.24689539510305414,0.4167063556341096,-0.705269371632858
1.1058159934712997,-0.7787153703347642,1.253253356708191
2.396193246364264,-1.6071055375930168,2.2176235943117364
0.745478547784516,-0.1774440269125715,0.40231760634183944
1.8786473648720907,-1.1064973889544347,0.4709661427127747
1.031270082075067,-0.5185196487760182,0.22136427005557213
0.9530079306328877,0.013677574872405507,0.3390271495001633
-0.029362319899885414,0.488072091975424,0.8957853854340603
-0.3509062286568475,0.3053696826364357,-0.04912305857688698
1.0781118991365943,-0.6751464958614364,0.013522550718282345
0.31319981563834337,-0.249439290994434,0.9992604939387786
-1.0044943028959938,0.7370960519439886,-0.643098634254252
0.586888729330918,-0.33568800140191685,1.0188695548011426
0.6403306499925598,-0.367772601170832,-0.22628997924477556
0.7185221182367214,-0.510976595617807,2.0319877026170876
0.3447757000207625,0.10013875568536879,0.37925295173160833
0.06858244478180497,0.1362991495826695,1.0463487748721827
0.43465657462684937,-0.05468395377058932,1.0270915267190492
0.5282926615436245,-0.05808884965913308,-0.839827305647655
1.144459723965206,-0.7927643705129075,1.5442635239336329
-0.010103371196324373,0.46372546758559613,0.4424153534854683
0.3523425944880343,-0.26779679397889145,1.970744213698048
0.5631965114617374,-0.6572049721816657,0.09381715710941069
0.9614162942302509,-0.20891288609870717,-0.6848594643958434
-0.14816912813334626,0.0611912715804096,0.6616553810852002
0.7155839762443048,-0.4623692165998532,-0.5013470655254377
-0.3010219958327527,0.5936109789939245,-0.860358771027568
-0.4682581954040228,0.29360963890061503,-0.6822575961153186
-0.07708280303072895,0.34854582399368383,-0.8623761951554804
-0.10559063824225368,0.5460534348934368,0.19051144302669248
-0.17879327224305686,0.7376399833840875,-1.5657584128060908
0.5298417180475464,-0.18727664018198037,-1.8537211427923368
0.8833728438094365,-0.6105908429216433,-1.1346505462988863
-0.2608302214915308,0.32004142247723544,-1.2311044257292294
0.3622460539930771,-0.0014528981198757562,-0.10334095147204958
-0.21012518604979302,0.4766327764336278,-0.6094701353020461
-0.3180519906167768,0.016942312486702416,-1.071557223795084
-1.0194411168495265,0.9794301467895216,-0.8682789361370519
-0.7952544696996152,1.0612953905314029,-1.8644214302174187
0.8268068164455985,-0.3572550117968205,-1.6342047040201155
0.05498779217253941,0.3144583922019824,-2.153536138414287
0.7268259499664925,-0.14073821336944958,0.593004303114092
0.007499628758781185,-0.060751124666824446,-0.822061913834978
1.931416622148789,-1.313506706799209,1.0208783273039108
0.12783827293735217,0.021819564583859974,0.17195829600504658
0.4194191612883512,-0.2621997972515424,-0.2877512340487293
-0.1186355961784627,0.3519433739018277,-0.5560191286433788
2.2641258546891274,-2.104680310983224,2.9216516096925567
0.5459832990207991,-0.2262991256785471,0.6799571070774776
-0.1570469042418493,0.5309914253512429,-0.3369531008286306
0.5457915256550943,-0.6376258291865577,1.0248754247216136
-0.9459593553592877,0.764029403666239,-1.771820051900681
0.3471838300257615,-0.4393539315255467,0.3956497834990103
-0.035673163458437795,0.36787168309681434,-0.3493093913523593
0.984175624122288,-0.5610636878196913,-0.8388049444469005
0.33860554010576027,-0.3019311501173126,0.9629857422101469
-0.560717059896295,0.15903189255694872,1.810968855991244
-1.1475033186369372,1.2616139098787438,-0.9659990884863977
-0.44361209174361993,1.1453854170941113,-1.3038599983503882
0.3113511804729723,-0.25002782967389414,0.09766913037896102
0.935961612243895,-0.7572758612904571,-0.04949503404425992
0.911417481559999,-0.7465287526386286,-1.1353672328507574
-0.40665966696470435,0.4878801991409132,0.5670999759298215
0.3337033053787786,0.25406576919004215,-0.6775498838050353
0.9701178550243862,-1.0200238957060686,1.3378044411571635
0.6502937967125353,-0.5524865004309849,0.7919410455273126
-0.8726685779515883,0.8634085966435971,-2.026432940751237
-0.46689691531147137,0.5816864307564604,-1.600434075623014
-0.21026071762904197,0.5546380238303156,-3.1605598176893976
-0.6274925783743383,0.6522109958194479,1.8363002449251695
-0.7303168300071378,1.059767595558555,-0.5129710814950256
-0.32932384550559635,0.6616200723118619,-0.3663018328453501
1.213269065056157,-1.0663414263723556,0.6573241980596952
0.5316054948831823,-0.14165426781070378,1.8618242105571245
1.0560150522372334,-0.9971056300739958,1.65540049656326
0.957345497360766,-1.1964387961707947,-0.5087244671352426
1.0309176803435118,-0.7705861236074294,-0.5725242440461167
-1.0459202597611172,1.3970980544417344,-1.419697356373359
0.4398935474076823,0.19092121719497135,0.14286076633005057
-0.5458945570402762,0.8876502788989504,-0.3170350542443854
-0.10614864009135794,0.0663409762757616,-1.3607914230547777
0.6382285967211843,-0.4328432254244965,0.824504106291599
1.4701534414266075,-0.9601705196925294,0.19771804794436632
0.743970625186445,-0.4352511742975844,-0.310802667689562
0.3428096994912746,0.6096124092827075,0.004207127505145347
-0.9873068776524457,0.5765993617435629,-1.5251258898415614
0.3694168122575352,-0.33290475459706437,-0.3750873975925972
1.5874910090886947,-1.1156228434556168,2.1945879430217587
0.5694231917245715,-0.8891595764820545,0.4502668206760705
0.5886255280134682,0.2840607676508984,-0.5091248383107293
-0.4413187066212624,0.6946859219371289,-2.239154429044685
0.6473470705261768,-0.31471984615856136,0.9333907673341071
-0.7444606282159668,1.2596937664613606,0.8464151359459563
-0.2219801432404619,0.4507664186000103,0.60808914990125
-0.2614388839774363,0.3856300322069427,-0.44351160902284265
0.10060138608120978,0.38879195781820347,0.42961792219227224
-0.4469318565012418,0.7436600723180131,-1.5718062282024166
0.09889290535376521,0.4426591014218012,1.4022986804357898
0.863486315873758,-0.7888160688577427,1.5618514192046171
0.04901112123395801,0.5663000978947166,-2.0467353590310897
1.5787542519053228,-1.2238639425762785,1.0832495510718627
-1.0640327277992156,1.5311144135340045,-0.8994888402378041
0.5228833708184416,-0.3501938033345301,-0.470683424805835
-0.8167749811165265,1.0578608195788821,-0.9833418706485242
0.8400355548137773,-0.6050395926283308,1.2112951125236462
-0.8198577719435928,1.4227851635550284,-0.21000870701074248
-0.9140885852586497,0.9941486143820826,0.323826822205905
2.0137997769174274,-1.4521400056153877,2.5951948103190623
-1.2962100118390403,1.5080106680766212,-1.345210483860113
0.6628569269175724,-0.8150029107260313,-0.31933591512697246
0.6413101667760301,-0.1095333338955995,0.3597111285543978
0.36068456845328556,-0.030608433003144475,-0.92509539583296
0.05759190683205301,0.4965293971648948,-1.4408797199465548
-1.0194689123432843,0.9245616280148727,-1.7352498749391587
-1.04735463232279,1.2206816445750608,-1.5447596360403355
-0.1510638116462637,0.2610376094742868,0.054362348269160254
0.26738918670968315,-0.19620351714144746,-0.10898657236730852
-0.9891563314740762,1.1586457509839019,-1.1812050536884589
-0.1441408437446206,0.783225269323705,-0.0720146762851793
1.9876047294457053,-1.5788455230082996,2.2508460549179206
0.9606937888516917,-0.9475424478749606,0.1463509681330617
1.4085748001093479,-1.4120576797035473,-0.23901016462239966
0.8528746546167136,-0.718556465315126,2.1919884717830165
-1.044928658429117,1.482259175989272,0.5474874959191923
0.5333841315757537,-0.37074477769861636,0.1259698175207905
0.5781870226570247,-0.36243549135555037,0.1920272084427888
1.3903878001883263,-0.6748877797239237,0.4382822766891251
2.6083238897849026,-2.201356079723237,3.0301723841369776
-0.17440233236722835,0.6483878710324772,-1.7259432916842792
0.4867860026345557,-0.06342848175788768,1.3549370689323144
1.0699479400225158,-0.9768526377682542,-0.12008017082684463
-0.5155200986162144,0.6019539553870296,-1.4187496464050855
-0.5669779274489319,0.9225717533327715,-1.243788530702035
1.4416318680927263,-1.029310456832738,1.5080754075542955
0.7557067770304473,-0.7848729057143922,1.2215881090711356
0.955439634868899,-0.43795470288147287,-0.3113614933885235
0.9483074368965212,-0.33109279108740575,-0.6200017166551446
0.9984550775001133,-0.3107491569535491,-0.4964102356541378
-0.39721319023700596,0.7257098941403081,-0.8224108419664022
-0.11635420312527239,0.09269658332979551,-0.792512343488045
-0.49883249340925084,0.7660681938577205,-1.3038931921212802
1.3634106452626047,-1.1981978963144466,0.3637721459434071
-0.4965497927045537,0.9446710986678136,-0.7420777041932809
-0.058876983319762155,0.3428492069391826,-0.8406929610296076
0.9241521806094937,-0.2765916845013474,1.6656630727988242
0.9241605857966931,-0.562793541541347,0.20916427130927207
0.11880002301139789,-0.043002380349269995,0.433953978662581
0.6966967131689124,0.20722977843573964,-0.36282128053066853
0.997152431669894,-0.6241118906804816,1.2744813851005095
-0.8211385304881421,0.6495504923777352,-1.2644217021147068
1.1809495480215815,-0.9169274930962983,1.5815421120119524
1.5904304419601032,-1.4635991407528075,1.479767888289559
2.263169834931903,-2.0515029441916885,1.6745843586122264
0.9548214141793679,-0.5747986366232762,0.2618875364001103
-0.24022614661389108,0.20873703194196452,0.2767165986457057
0.35670416344279066,-0.16003659520326102,0.23928584281391055
-0.2555174806490067,0.13134490838059654,0.3866742375330108
0.7887811189674805,-0.29553828171365376,0.30913336120926527
-0.07905714586759177,0.44446078553957674,-0.08214852536401179
1.7991847177172526,-1.4292481128987444,0.9425330895665326
-1.346076239372755,0.9811863010780377,-1.9242238501767854
0.3860630640679345,0.14782647766858797,0.31097696085466076
0.7759452124195874,-0.7518943413523096,1.8243385619670103
0.3863049773427489,0.08039496590345208,1.5303327039703833
0.9911892600992595,-0.7057839469467939,-0.6620284399531267
0.4519056243261636,-0.30877495697098667,1.5225543511380195
-1.7219840549043606,2.2741926419134875,-0.3678121408666244
-0.3468526151148058,0.6588477318411853,-0.06604176668854422
2.328092773379207,-1.719434819769607,3.036493540753329
-0.06801869352567058,0.3632669953849275,0.3838406362064196
0.8214267659137771,-0.37166701417127196,0.38855763778438923
1.190705188517545,-0.8154155372671646,1.8594986498817074
1.0883651528530416,-1.0809056896203142,1.28717572428005
0.6482969541747212,-0.4300104646514229,-0.007677066915660724
1.653747666216539,-1.499819404970975,-0.5490040204843538
0.5688532291575046,0.1348496165187374,0.4364831578638209
1.7948699476395897,-1.6035025572147275,1.5575729331514248
0.7272416210897552,-0.425309871549569,-0.8966750494125895
-0.19940947875247395,0.32163217055430676,-0.3524074385356164
0.04529696829810431,0.26277966709884837,-1.015410127577876
0.11602308389936342,0.03501571540476789,-0.375759254984074
-0.5839847709504009,1.040824996408429,-2.1831952988395025
0.16700859470899015,0.11094473252140419,-0.53381144428996
0.30770148908807643,-0.014787552878216703,-0.037625311610850976
0.90191814977399,-0.39934496915017126,-0.7908821177871159
-0.8698413097895504,0.7978703367536479,-2.121617006279235
0.7395197469099241,-0.5257960957429662,0.5141069590646377
1.0993655271547065,-1.15010966681651,0.822258694343651
1.0644977700524922,-0.6793653142407524,1.4680337826963388
-1.0730401040709445,1.3808722414518,-0.9431390293079072
0.3162090571793583,0.049933937783762206,-0.7901413597025245
-0.43456081399506696,0.774546943806177,-2.0255070110067415
3.5329043960816398,-2.6520705893929755,3.5527150044443423
1.1333079517641438,-0.8003932778539914,0.2519290546165981
-0.12256992247127091,0.1683805732752664,-0.022919773327265303
-0.4712596403553747,0.7524874993526405,-0.12498156441262859
-0.3587354405193772,0.6051845209604435,-1.392240008287294
0.613750802951884,-0.2929694024016296,2.2468267190076037
0.8677458678748508,-0.21949391311684374,1.9894086457119107
0.017981919920245282,0.5909554802858628,-0.2863612249288384
-0.4060142193913786,1.0120072961663402,-0.7269935645557586
-1.3929607226752685,1.5690459067812648,-2.231479880988828
1.2171952220947486,-0.40826833488882475,2.22481075955804
0.8704208108312849,-0.32233515620814535,1.720504575614799
0.917503581739802,-0.2911053973185387,0.33859262957621844
-0.9976938619777561,1.0901613809129649,-1.6121503268386301
-0.18474386284701516,0.19291004877857357,-0.9607970300595823
0.20449841674917052,0.017645184812975223,0.3135385502090703
0.43945697532117084,-0.10401143863310308,-0.42474600437974647
0.7408529909612229,-0.07361398449267043,1.5291361126966574
2.2780307781272398,-1.5904126872200293,0.5290499783402622
0.9962367483920102,-0.5629084820488286,0.39424054157228505
1.0508262646128905,-0.7298936676905106,-0.24682275207703064
-0.24070669600361694,0.5936409338674389,-0.3337347988547768
-0.13667675385830813,0.4143167921725438,-1.1159022041363116
0.5605391370862192,-0.14670319944162102,-0.9410957822516282
1.7059535580071743,-1.4918462454236463,1.764901149740355
-1.0538344462016016,1.0772029895134023,-1.0023165085245174
-0.29991931319084575,0.8035298372904373,0.7144860238653042
2.653534469460428,-2.449632989416367,2.368741368700509
1.812600969234762,-1.31534159841903,1.6384873332983334
1.3101027518247093,-1.320078007710872,1.5139896376910937
1.156672212318694,-0.9628019296837499,2.321287862388962
-0.5810126884386038,0.9856865391975809,-0.3643199574133056
-0.502830993622994,0.8461177338431536,-0.4272679645185182
0.7376989071784583,-0.3001829992580783,1.2230266227337925
0.13053964372458965,0.2574052336510436,-0.6022743259429143
-0.20214956715177734,0.3217921201361499,0.20767628533584143
-0.23718104280293573,-0.003765454592137868,-0.43708739637184424
1.4575634714264365,-1.0420927842487582,0.6867361345626057
-0.07280976193216154,0.4166095981405359,-1.1527068029675598
0.5387415584943528,-0.2688901482129965,-0.7144717090454229
-0.2938569619073237,0.3396379344532021,-0.17433743314840194
-0.4107122698280059,0.5601123711010212,-2.2264359807416696
0.07090899959052299,0.28884595973885435,0.3196184670355493
-0.5684674609977503,0.16972984235890176,0.4292392631545221
1.414546883910067,-1.3145302596520432,0.8161105913048855
-0.45313675650118823,0.8130096517862979,-1.4612737626568288
0.08581319457513487,0.24177734675895113,0.16519652820451441
1.512959099490819,-1.1473557308163942,-0.060222725037799796
0.4384920598728037,0.10512087546827614,0.019019006506946323
-0.1755318979564402,0.41454455662460676,-1.0385027200585588
-1.3908123839767352,1.7218873726377115,-1.1116516014623814
