X0,X1,X2,X3,X4
-1.4702350950891754,0.7360518490666116,-1.0747881195976365,0.33339111834450746,1.1434235129336532
-1.1016365808384667,0.7344641713614046,-0.1673810902294135,0.7360747902968312,0.43002086680679985
-1.1240888539217546,0.4597684190435659,1.273728562314523,2.0326199760645043,-0.367009758944523
-0.1976085539232712,0.3512961207395599,-2.9178884674210432,1.4370466850960086,1.7925542602561633
-1.9973249366721975,-0.1283568691587843,1.405712421446058,-0.13151376874604842,-0.09006698286823411
-0.04826890964550751,0.5946422822177605,-1.2695671911646427,0.7268127372151866,0.9295530141812198
-0.7534217983261986,0.502741791789593,-1.9324056185340963,1.074865512024832,0.37819080203051936
0.9452158383651763,0.6909720336350742,0.5743586070250966,-0.1446835337419996,-0.7018537967629925
1.003262151701076,0.40469815932109915,-1.2003586789548593,-2.106705885946224,0.7173144402451657
1.4028697505901242,-0.193235616460613,-1.6777191280369705,0.4561659889870511,0.03707765942061636
0.8294573110638107,-0.15819304691971686,0.6703225118340056,-0.09472328231877847,-0.18295611136864548
0.07642627136250635,0.6311202842218562,-2.2134985414951154,0.5690261028872718,1.1875978265531948
0.9141894906903755,0.9000182813372068,-0.9074110443357042,0.6804094330196805,-0.5104926233392144
1.5067824743672116,0.17804117110849127,-0.6447728936373924,0.48845228093440807,-0.07388728838318992
-0.47475466857477977,0.24890881552200686,-0.13172308044804829,0.38840332653643167,-0.26563937090030965
0.6852580729518546,0.39827374823679706,-0.7221251690952881,1.2905574386971868,-0.15285889757606314
0.08593066333259677,0.35517859243524774,-1.6158609074154124,-0.002134131819313101,0.9022411388633236
1.4467011154233695,0.3890740612884411,-0.8213916166533293,-0.8926512187266822,0.0564102239153948
-0.6429825470095802,0.17635076976527284,-0.33924923560710296,-1.5517428735989942,0.7317025516738506
-0.15165527909865806,0.3471152455398697,-0.21428783431067244,0.833298565236283,0.03072547889546856
0.45763933437097176,0.05581385985186563,0.0017695930226594922,-0.769315792804274,-0.7553126704801029
0.36198159500341154,0.2295042200231212,-0.9924835717768273,0.241922151126246,0.3791958232483112
-1.3795423961884468,0.5264480922810799,-1.3110318340610738,0.4331673191498818,0.5833727669139279
0.4556355089359724,0.2902248403495577,-0.5381785263433116,1.0667321549896878,-0.015082273600846186
0.0163417095894533,0.02949712054565093,-0.3595158113081285,1.1276646215450805,0.5101308110991118
-0.09493816648077669,0.3795076288574726,2.114419484592824,0.43855551970508844,-0.6662761374311124
-0.017435901365367434,-0.15182130932580573,0.6056718902849443,0.44068029802593894,-0.5001305626885165
0.32606135627472516,0.017534403428114187,0.25241072682578625,1.8028188056299197,-0.006720545528096686
-1.5419398700689526,-0.1322829924956383,0.844410715010819,-1.4097233513551808,1.7321848496870258
1.5499043244845687,0.37360963549839665,-0.12154998996456323,0.2073237285814733,-0.5948343249229403
-0.6655107544569088,0.510005237057258,0.8020789771325312,-0.2930652939996803,0.24531560056681417
-1.9319670453649929,0.12555382049015426,-0.6404124474125326,0.2654754089615145,1.0712120088139585
0.04986165008080695,-0.07514176237768616,0.0894352959003212,1.902954549034348,0.03634423634014108
1.4627287863061929,0.4436686298810786,-1.585666972871652,-0.026364580329348075,-0.3688320181376673
-0.3508614863920216,0.35981730148863045,-0.25764415402697977,-0.6594424189597933,0.5036040007557797
1.5488113077331707,-0.33354232362328784,-0.23132044719383965,-0.8347331372666311,-0.4499164606387516
1.5540117473160033,0.6323567221112479,-2.817047751715478,0.3701392355413601,0.629117703703183
-0.6666949028730217,0.6145690891845765,-1.5499078709994265,-0.20684905119177055,0.7309329144845028
-2.1373210296701757,0.16388306718591233,0.7824164753073354,-0.4896793257974381,0.42996817953686395
-1.0085194976590217,0.23428765868542833,-0.026161294813328823,1.3827417002320197,-0.4078703043314139
1.2148863733488957,0.220891028114073,0.11715944781168086,2.1744250683324227,-0.09979754194487311
-0.6245143812559911,0.07686141227679305,-0.6011583620811841,-0.03131798467900182,1.052344905905558
-1.2613605858989345,0.42239029377272236,1.0494152792012945,-0.3520569544780934,0.09759728977413562
-1.102601966641882,-0.019193797198854168,0.38135614547254626,0.9185153380239549,-0.6912990817743765
0.125260797753217,0.13911120956013576,-1.3385212697096212,0.08507866136765044,0.8306264286630323
0.10113385631944312,0.30818366485235393,-1.067754115925701,1.1096492535897617,0.6429511238502521
0.9254330357644834,-0.389244333361774,1.2443872421457447,1.3424682251394475,-0.6868834792504748
1.0328168873791919,0.05531025162471345,-0.9279937369649037,0.811134981969784,0.025193514939570116
-0.7304956890333446,-0.22697970976945836,1.0547220885034074,0.5357396503497354,-0.5423355605322482
-0.01877312746719556,0.07120105987545627,1.227426932708101,-0.3475336491269817,-0.1027799655059391
-0.9155969141448427,0.04909442751107909,-1.5898986100778,1.2437063104503092,1.0026702503696248
0.19107464352481962,0.16565413209879493,-0.7678900417936649,1.4354963958300389,-0.27533502931538817
-0.9308990716967581,0.28986422521635463,-0.3326840919429077,-0.7588946404061523,0.41518127745713396
-0.9764606526357452,-0.15522417236673658,-0.0076862971577757455,-0.07414116890054101,0.3114445183930315
2.0739106249342445,0.3416575430158488,-0.44648797147747976,0.8635163005437846,-1.359765748875577
0.1548210504445233,-0.4222380457097388,1.1127665208925162,0.6487827569845983,-0.6978876514051378
0.7153861710844349,0.5814504101635573,0.2865637610293408,1.432585646923285,-0.8659116129212667
2.4544886571719076,0.19500381199837774,0.17819561175624093,-0.41684016662390033,-1.4727009203292616
0.8463155817050776,0.523811741538968,-0.9209258406496745,0.21957971305631435,-0.44227306830072327
0.02033869203268035,-0.5035990667153909,0.6671759671946487,0.4025770547626993,-0.6278598577762853
0.17519654324948064,0.7453305413457223,-0.534951961565898,0.42794909679213966,-0.02139285127026369
-0.5581777009173301,0.11000906779418887,-0.3502387937443373,1.356033076242576,0.5147183065339387
1.1294475965040118,0.34784777638199343,-1.066556933619132,1.1166551873177522,0.4643882069336287
-0.17802474629107368,0.262529768267631,-1.1695900993892674,1.6760407166062867,0.783927651957128
1.7428922622567549,0.19501908883125138,0.2651151730584656,0.3858569474980837,-0.03873637992808451
-0.19131393879143166,0.04409980228507937,-0.11166592274050201,-0.01139121626540357,0.9176337016308161
-0.19944941966917917,-0.5394614500447067,-0.18092370142945058,1.1379453160329325,0.6135070391549273
-0.2597969664986171,0.696180717857168,-1.1300058941235795,0.7854219582743951,0.47008039008533986
0.6993391898153704,0.9341620954589678,0.2609517975872756,-0.5258411949370407,-0.6320208326417858
0.2966599776027869,-0.004067414338619679,-0.9784032125666842,-0.5653993544305516,-0.13774114749615057
1.3837564144773067,0.739835124103615,-0.9683330128852349,0.5990807999065093,0.5264754086558139
-0.3827527924657186,0.5896277430039605,0.20935921020276071,1.2489094724161274,-0.4502071603899313
0.3914676305947471,0.3683824569820784,-0.47645663257469195,-0.42261855934503945,0.6879874075777709
1.903700624716829,0.18495363420755656,-1.9453446372332912,1.9231202673962813,0.1524228171345885
-0.09551988441460302,0.46442271425786325,-0.14940421336261983,0.9154565408512972,-0.09574956270170562
0.6139120649176455,-0.006155902335241159,-0.9307914796957883,0.4347351051526917,0.2761785141575266
1.5677234661377835,0.11382838186627217,-0.1090905257632142,1.4232186095819404,-0.9787713391989028
0.6330319760458578,0.038698045877489234,-0.365633217681936,0.4791538659536685,-0.05576999064108257
-0.45723500190557864,-0.04089080669779982,1.4159393858836984,-0.8108139851683744,-0.5466441243194171
-1.767669656011007,0.03389157036383303,-0.0424148977767389,0.0029517307396603187,0.7098187874842157
2.32147175536384,0.47273339693630106,-1.3572604329283628,1.125409042994749,0.058270144852648365
0.5200254531760836,0.5000598073124225,-0.5449849681307812,1.146771740950962,0.5387112780907745
1.2819723757115575,-0.06190496526554767,-0.13615843206115047,0.0060889886579318375,-0.9160005488381636
-0.3120513151235462,0.21870788589213166,-0.5902323435623915,0.25826706254921944,0.6865945631631031
1.7940453302913828,0.1728275952616984,1.193415139740338,0.33513471372733494,-1.360154577886179
0.6019136459329636,-0.41475618744853726,0.8899354427014721,-1.2545764687505754,-1.1188984239557371
0.17079811798328984,0.6743604494012272,-0.6961673381490912,-0.2670748534096481,-0.5147252125503101
-0.7025662355736667,-0.16857246351646366,-1.480961944669162,-0.19113253379754647,1.3262890563710017
0.46300474081054377,0.6817789320579479,-1.5689846350539205,1.029051820471664,0.3798698561961825
-0.32142770762818673,-0.6356478005355927,2.4189145841357615,-0.7649717521195751,-1.1159508450461406
-0.07935563499919615,-0.04457604099636281,0.8745079853532863,0.9972254888359624,0.258814039501982
-1.3639979749432158,0.5435805609140392,0.08200001535505663,0.16569148065307956,0.7092742330196409
-0.3251207245059752,0.4214023081734189,-0.07009711798764667,0.16684086051156874,-0.019354420428602213
0.2718278148061278,0.4476805661791603,-1.9154993025293412,-1.2609451055511993,1.3338537457629276
-1.0228582046699826,0.2403075107743621,-0.29911255728483876,1.645545569535899,0.2100093189694102
0.19291554309938996,1.040472977379541,-0.2716553247751746,2.2631172967138617,0.7969142538610255
0.7338473802359328,0.28403678836403096,-0.031078734705264233,-1.0031424671924463,-0.2778298679812171
-0.15643992343720786,0.38869323304680714,-0.977853772377024,-0.0676222520671172,-0.21359239411628045
-0.4446422579785023,-0.01521296696772495,0.33197805826231214,-1.6167975169526354,0.1558461694160029
-0.44403655446796897,-0.04215994756205399,0.7031211302842652,0.32017469419020056,0.19416049151859444
0.9888486202827028,0.7859766758235628,-1.943585755286518,0.41363838949649634,0.6526130195699703
-1.2832288258948163,0.7888328520350426,-1.9828366313410202,0.4741533625765514,1.3270662949741616
-0.15065012133647698,-0.42403425904199277,-0.4529573388474278,-0.9158945595951178,0.42495382095598044
-0.2598223953985019,0.054301877004923255,-1.805725073100682,2.079643467748285,1.4212025410638502
0.2572517821311858,0.7445165701355139,-2.0867085883155654,1.109250322466448,1.1986794559636
0.061246055469755825,0.30232254117229274,-1.5697663804507394,-1.1083273175680017,0.7444350366460039
-0.8913416114256819,0.6414339904409203,-2.2039997919262224,-0.3650726069196316,1.8869724616968293
1.997430518520598,-0.4182258080766297,-0.4179514289922613,0.055484389480776164,-1.10128002221837
0.2881024052333753,0.34213673317418936,-1.930124832392931,0.24386730654722633,1.075453300514612
-1.106588445503749,0.2785117770759991,-1.5474630857154947,1.7713858749679765,1.0743551364856603
-0.6930363384341656,0.2984183153986693,0.07238300646874374,-0.6246141967430568,0.8006244848469667
0.21465603936039562,0.025637485539616922,-0.35659842045654055,-0.16716448205293588,0.3477110269847801
0.6876615249043629,0.2595411160904527,-0.6187382806231054,0.057994681924559754,0.46152422855558006
-1.10669558389898,0.9532298532304285,-1.5035625600643443,0.07092098444552103,1.040195052038242
0.777939849890407,-0.13665634612013,-0.32680868061579665,0.24158975649381007,-0.6600739356804436
-1.1352722376169382,0.2492745162939219,-0.4191142795381074,0.6045453414846895,0.9014730075415185
-0.6039716046729307,0.15810528501195764,0.8554163823743236,1.8839958993564367,-0.4603969222023327
0.9080471002389106,0.17337988818109268,-0.9322698943242675,1.521490589822023,-0.43989071409625424
1.6862214640909383,0.9673846752177547,-1.7722141593727363,0.6964659356766043,-0.1047181618285955
0.047353035104478594,0.8823849491765874,-1.3991573813765816,-0.9179151175042786,0.4797097604683591
-0.1589901124520357,0.13569715378356223,0.2877593029758968,-0.4966314223549547,0.11909064851081994
1.2887365878501265,0.48043542559073693,-0.808887325964049,-0.4922079270912997,0.3869728975381139
-0.8587357121426131,-0.03626069338405008,0.9734907710958665,0.1874453743528627,0.1611745355927917
0.3801640744369959,0.4008512043822928,-0.044052587747106464,-0.6722415958603363,0.28899329482276803
0.3391614981195815,0.1349864841840342,-0.3512888084365442,-0.22920526020546883,0.0389067288567185
1.0514217489507693,0.8444015843798797,-0.252985359497208,1.0268624282784136,-0.29631440858422053
0.399122109788993,0.45265689154679,0.32170056822715093,1.4210434104350826,-0.27998419116535006
-0.11939353893212434,-0.1259398026320332,-1.019913512508262,0.16658742577419433,0.45478298754095525
0.6891158671305357,-0.4102590963539109,1.2058548340084243,1.603096175626373,-1.2459980347963855
-0.9088331389549734,-0.15109488141515498,0.3843811870548718,-2.1088532694472786,0.21736607988795173
0.872231240214764,1.0893847034219934,-2.4775946581885853,0.30300628226581755,0.9888247803662362
-0.49226755334970507,-0.09569531438342965,-0.9163300418695274,-0.18729007397477282,-0.3416127957669772
-0.7104119938932315,-0.2664679954113257,-0.9670836136513109,0.9721268325383945,0.5121990299285575
-0.2123197434666595,0.018001603416425538,0.5105996611581155,0.20206785598244603,0.25761850353397736
0.1673142574727302,0.0894656772962435,0.49898692583696747,0.5230529434700748,-0.6707402113160397
0.7772506372784922,0.5152538401867695,0.7565552916733529,0.7587606590450298,-0.1073096287309967
-0.07008751898390214,-0.013228132620831556,-0.3534763079629205,0.16612712820812817,-0.11125056807798028
0.8003205937193434,0.9188558697151816,1.612013606429174,0.8395369648309141,-1.3103021685303242
1.0199979346984203,0.2824847974221629,0.18123743028891065,-0.0677460463507496,-0.7495509069401447
0.0280330953666892,0.3961015489303715,-0.7612460158037289,-0.737115899211831,0.7193121032269427
-0.7757400465971732,0.8268721963804305,-1.219592928280166,-0.24559439083512524,0.894345916571496
0.9692163810161786,0.3493960192934305,-0.6367829322848085,0.4710261546790635,0.06514364965803063
0.37789389125208406,0.40457788399353983,-1.4315309468791764,-0.10467654485632111,-0.11815625227200499
-1.8161679056891367,0.5275348632849525,-0.013700567758822113,-0.31297878702615434,1.301255661717107
-0.7819272380949385,0.0010072250329237198,-0.6063386349431532,-1.1600466088890156,0.7632155889957912
0.25648512004464175,0.07474487425992477,-0.09595623467985903,-0.4707312444000107,-0.17607540048191078
-1.1339996850990057,0.5421027761458463,0.5072125230042753,0.8496308216664017,-0.09440377526160307
-0.5002922067465196,-0.01926317601429217,0.3681300495080631,0.653027026361614,-0.6071738956746082
-1.4469748692924638,0.0609249493898861,0.2441187375478857,0.9759672183794272,0.7898390795576341
0.49428136066516387,0.6398359665987793,-1.2697137087865227,-0.0407692722725666,1.0755152774120509
0.3467535154836381,0.5097941232566825,0.5285430267821927,0.1311298299434913,-0.41918462446363397
0.28673844308911267,0.4120204965625589,-0.924200963846636,0.9287420408638783,-0.0023894610294998286
1.4535452439646526,-0.15640135674649686,-0.007201917502433458,-0.6329890214492216,-0.7764962903287558
-0.19851213579191124,1.0389763984173785,0.5397713499809662,2.9071334766514996,-0.4365958649263555
-0.14030573316653416,0.22250572502984134,-2.1356589749221526,-0.5858996263785853,1.2099957689940597
1.978922559480118,0.1585369354381812,0.35262372822901666,0.8047917660119293,-0.8451302778072293
-1.0687988983110484,0.21086918362402807,-0.4857821285410282,1.70120276187449,0.4301590011310332
0.7943000634000832,-0.04325826827916274,-1.5622956080624273,-0.28497261115494676,0.5917446863468983
-1.0818620482733015,0.1743567155541464,-0.48316797394731464,-1.8760401213016387,0.9680508370536856
0.34192418816893644,1.0463346153498958,-0.48992342591216254,-1.0033497402567653,0.448937500183647
2.0668994884526173,-0.30072133315624017,-0.19900178345528557,-1.6050547208673949,-1.0108072320809962
0.37413816801177313,1.1362652254223349,-0.3732408171898599,-1.670603971347294,0.06154355510928214
-0.5832611221519245,-0.08884112223990265,-0.43826752476200176,1.9012508675073252,0.6655678444046359
2.3132599205921758,-0.0890832366611205,0.424190447441331,1.1117186306863,-1.7603522234777704
-0.37400804246364766,0.7989136094165913,-1.5803453293088126,1.0282937532414733,0.7332377096632814
-0.06414570965490965,1.0097035275494792,-3.378707804308676,-0.5035114346262219,1.903628918922229
0.4044393290998132,0.12091494711778031,-0.5488133716744696,0.35096933969846233,-0.15770439427654775
-1.107071992041531,0.591194821250542,-2.9552427712382237,-0.1012711466153724,1.6030323211649269
1.1485003791371473,-0.027366642952138476,-0.020163930850431906,0.06550673948670793,-1.0260036171870086
1.6108062257670213,0.13198249808046744,0.3420676775679772,0.08243663352290223,-0.7691231941550719
0.8214687581575796,-0.021641820102325127,1.6569921816055568,1.2360170871277043,-1.2941966434811765
0.4282912500694392,0.31573644640126836,-0.06478967954104525,0.5972023576592165,-0.04495780057404385
-0.011925627929939425,0.014280231439905366,-0.8521363053126798,0.46500647691286934,-0.0017296606719096608
0.9389157047942004,0.3119905969291695,0.9467059397906893,0.1384235820690877,-0.6849391914866655
-2.7659551551305745,0.12652535701993017,-0.4932593118233527,-1.0907143984567749,1.5355614371126238
0.010584933208548114,0.25686290760292074,0.756798501121968,0.7013935347474076,-0.3447412671629059
0.36016024426386584,0.2813486745021993,-0.571571001255831,0.38882606642220297,-0.07447823483133664
-1.6971666457356975,-0.0059292014421828965,-1.570645587551927,1.8955063093938227,1.3768860439114867
0.5162195080272386,0.10318331980537829,-1.0245975400611342,-1.2809606607153405,0.32519695011315686
0.008075084141761349,-0.1924847507809101,-0.7424345043980877,-0.5480830885156619,0.8135209380333969
0.09337181884011825,0.44045465730120226,-0.34913708939359117,0.35598099715882264,-0.139645507873744
0.21814940474021988,0.5294386395275366,-0.2266428169308869,0.6934366893283065,-0.31784892619486715
0.6529395628354097,0.10432757166089174,-0.9746135255692402,0.7575156550445182,0.7746401150488437
0.5454002256886742,0.13337209832786617,-0.7719047493577638,0.24694247596526075,0.10076596124827802
-0.826956144906213,0.030794173562356725,-1.540955922085412,-0.19253111147699353,1.8350500523528221
0.017751151205639512,0.06569067666569273,-0.25967156402764546,0.40227555749035077,0.43609115117917835
-0.04202910270704438,0.2952084371794487,-0.7912320247336291,1.8896318781121806,1.1612224130829314
0.16035846796699413,-0.40756053977364104,-1.4872264519025442,1.1479753278155462,-0.026755466920709403
-0.4173910022847832,-0.3187821070097824,0.6235323452608907,-0.7581122021613034,-0.1527242544618352
1.0151993011009108,0.2624774600798862,0.3393496429099143,-0.12799567175722598,-1.0239345098520973
1.3223721788219702,0.5741101379250391,-0.9687208404657521,-1.1692287509648536,0.25842216310287175
1.5216674601643772,-0.030600449429372345,0.9007287315002894,-0.6814041313066785,-1.8413585261511771
1.8740479381105364,0.5394810521339486,1.0733976303158963,1.1033372018245031,-1.626681932678984
1.4955852076563603,0.5955648407778116,1.2566556901623613,1.458047683329433,-1.9979833450675286
-0.29701646718835695,0.27591836382088647,0.04505144650361936,-0.25551853299603966,0.0673597134616064
-0.43876183514994915,1.0846758601890891,-1.1053250787551612,0.9396273304205569,0.07584765557587636
-0.23984603314225378,0.18933112708735692,0.3601812127600652,-0.7139156954690249,-0.23606362240324993
0.6376141903223309,0.2857289937202025,0.9288356586992599,1.2040844626127427,-0.9025266941368965
0.005940660877850001,-0.19851536072368015,0.43955371769241336,-0.010942279426855606,0.03503246243864663
1.0346924498588106,-0.15722119831389042,0.6739409116203285,0.1754851205549463,-0.6003612581060749
1.6397769809560852,0.2737058139190783,-1.3472882098380603,-0.3696390464421332,-0.1818212111339098
-0.26978583911602727,0.4538274517926997,0.08831320823165151,-0.17013072500052023,0.026436123247032844
1.0242428466287663,0.15186449253861048,0.2695437130683802,1.9552285489819992,-0.9489612307627557
-0.23553788005136878,0.2099466743274106,-0.42154120986232696,0.6913553235213863,1.02781754296129
-1.0372592637128655,0.2693556908678166,-0.6154837498470412,0.8843672873757119,1.0604065734760848
-1.0394123833856734,0.5154622301603079,-0.9418505299098985,0.03845767051425997,1.1189010420016432
-0.16779248240307887,-0.42162693355454806,0.6064850142491898,0.06919528925319046,-0.7054243277570025
-1.6178443813669379,0.5261801339730094,-0.812161249809254,0.0292637521095363,1.3343933160204715
0.5833481687007573,-0.0981387016172503,0.25723182139459294,-0.45764103780879495,0.2324609990753122
1.5115547443562978,0.40770667255598303,0.1166985145727149,0.9377924946474578,-0.25912053540253777
-0.9441647964974492,0.5188747950535686,-0.9332994912819839,-0.5563131863850006,1.18871898593341
-0.1817283258034274,-0.3160229319848188,0.580616628359914,0.9120811741494993,0.15964125809614121
1.541728583288465,0.6411990709288564,-1.3411747113311947,1.5910851115316218,0.9340811777147454
0.4437749373226818,0.2380439067022966,-0.892064882940939,1.041388323001454,0.3132014614290515
0.30467262844074794,0.007767925034170675,-0.48510451066065496,-0.5783480476377162,0.5210756347037262
-0.11493285219994148,0.8905683405491673,-1.706359089454248,1.7405632465748175,0.7162908750726912
1.0599910086177071,-0.27368009010211025,-0.20734828027020252,-0.4120091710317657,0.23722668266246283
0.4272645449401624,-0.3676159845597985,0.498869290685308,0.12080749036100596,-0.33639772497889925
-0.869940627501146,0.2784692938711055,-0.41411894816671313,-0.11602580996408168,-0.21969693970208665
-2.1070093344676075,0.37093443475279647,-1.3345248180334042,-0.4584526854820621,0.9673886072979353
-2.3360840644206182,0.12108436747064241,0.044681025883740316,-0.5713415729022197,0.9412774533058164
0.7286872755201355,0.42357600604106066,-0.4653340364798371,-0.0735291916982661,-0.09673297834867445
-0.11910916298831326,-0.6938185505149818,1.3038640904017627,0.2964906485130814,-1.5261445140444239
1.45414704759706,0.5850430490596668,-1.0052394302929464,0.46054679667680004,0.09280390252054932
0.5931536798756323,0.2735580876968727,-0.26521602242307885,-0.9210931771429498,-0.8366357373141895
-1.0423432504528134,-0.203948301724395,-0.5688581099521943,1.6521611799771512,0.8012608840547919
0.3916060200086644,-0.24815518447794327,-0.598650808266511,0.5453988386825648,-0.35694383218487563
1.2189515240379736,0.38772860050484625,0.0173775419759174,0.4462793154973178,-0.1883437514929541
-0.7025107071520731,0.36384995329973735,-0.05808895780368595,0.44611235219732404,0.6192577784914258
-0.3418135446850303,-0.036216077630515264,0.006666192231158295,1.0218012645929149,0.4510525226669198
1.722923080440237,0.25787965121940637,-1.4335290387637827,0.7685862763223678,-0.2639541641580042
-1.477692544206151,0.23126707138107624,1.297001929734189,0.5734700998924722,0.48454863892767874
-0.8755382886011883,0.6306131466159646,-0.9134152292137347,-0.36242760359105697,0.6962395132513046
1.0887916483209956,-0.13226119241016232,-0.1898321939103111,0.9339218969361883,-0.5033315756411516
0.30772799007434937,0.6104025844998802,0.2906113943012729,0.33435368426782336,-0.9692514619997105
-0.9234495537258544,0.26684813813068836,-2.0709625952467157,0.3346670115700605,1.4981756115943727
-1.2104866291587242,0.24856258256527308,0.300939874846645,0.06142975212247609,0.6862138264074604
0.5504408186750569,0.4346277774807876,-0.8150659900151616,0.675200722446196,0.27914089128210073
1.2395168776910195,0.04907686893352356,-0.7317325357086362,0.7306191874934582,0.03110883494440808
0.8837107949505161,-0.3097853223733481,1.0807773872310609,0.6321410635671607,-0.6603231843081918
0.5024694500544994,-0.388720247711006,-1.0592080939839859,1.782252938112869,-0.007791037602443929
1.4975974945099586,0.6227150410042472,-1.746449325295591,1.0916658385454763,1.032050005025778
0.4106533163221947,-0.4262718254400174,1.4119404571355079,0.43637284897148454,-0.3737455858860148
-0.6389280411420234,0.6323400251352889,-3.122487557130312,0.7646357377914015,2.0466149221899705
1.9898964452613348,-0.03325992902507363,-0.5340098270445218,-1.0615670419662915,-0.5590302233496238
-1.0074836515034469,0.6565168482474133,-1.6156698790154058,1.0962278504437046,1.396980591709947
0.0016199106708049554,-0.11375995364537178,-0.27617093725544795,-0.04193166930848785,-0.4884900938848321
0.05803639983974711,0.35549553017224433,-0.934613589187235,-0.30877995437794203,-0.10933226119357076
1.438550907114886,0.31041312846261643,-0.9831353732144414,0.8698392095751917,-0.5248329245494607
-0.575809250981049,0.5382028707269695,-0.14486504537289047,-0.5450738836980222,-0.13002278505194792
-0.1288702477477453,0.09115325746951156,-0.25685252605946524,0.931801314423463,-0.1834035794747618
-1.508909983576726,0.4142469189382638,-0.7290232143731883,-0.22383876191425556,0.38526179917353565
0.4348751352986738,0.8448221183325298,-2.3802456694896,-0.8638563272543041,1.192777130901268
0.5336527059274827,-0.27364810852548827,0.5656592930564661,0.17188214345087646,0.01677881857845942
0.7222682494867453,0.639803699187929,0.009178947039963137,1.0495885324396643,0.02561515186169175
-0.725434010052457,-0.15577641064328296,-0.573915978339447,-0.15141669961992366,0.6400091988355638
0.3420222202740575,0.6196333118649735,-0.2933448445923079,0.8818862641165565,-0.27419494768130237
-0.686347068835506,0.10518306933563407,-0.48692783079201685,0.26613892864624333,0.25006509987011694
-0.31462594930617743,0.8019227617198113,-1.1566565033982408,0.36040692661227924,1.1927136151656834
0.0529770738616734,0.15579046485879014,1.042950389640636,1.182088133906896,-0.5114311705162309
1.3114489602186299,0.06232755170558657,0.5947923142867627,0.38078025262337173,-1.0218414812697036
-0.27898205836292506,0.6525124784248697,-0.20051903000799476,2.741089852672014,0.3810688449865279
0.28476275214244395,0.1630685498106201,-0.7214058086605293,0.07324364562401825,0.4761888318784824
-0.6526551424178105,0.17988246789810095,-0.6813115326744675,-0.42069211209636337,0.6835187282173111
-0.40104837170470964,0.6227724335077988,-2.0344009106978285,-1.3544622070876795,1.5068130252955083
-0.5221059737057019,0.8051579221482836,-1.441051343268549,-0.7252819493756877,0.038031512312613924
-0.024545436429121797,0.591282655214993,-0.7464008222342017,0.2714064606197077,0.7547319308690806
0.8243182415245254,-0.4595676238271076,-0.5378336924169784,-1.2190954332593322,-0.9636495274153849
-0.8948259546453913,0.39647126860906806,0.7027870953239512,-0.9350701730275528,-0.34614290906781725
0.7792219228264934,0.3818036232319115,0.059881608238852746,0.6824674001083264,-0.4783438431858501
-0.7549878977763843,0.6023609405208312,-0.30879249331003994,0.06268420909938144,-0.8663021082869239
0.4252134930258698,0.6772635821686781,-1.2850680713863758,-0.5122301874503523,1.2375244251904278
-0.38965566329571355,0.6674439367997569,0.8481394520851616,-1.1791124091148977,-0.8554579504919477
-0.16147101764423943,0.4667744307243671,-0.7885121880922432,-0.4037993413352504,0.2638285762344913
-0.2440038105152651,1.0561592688084684,-1.7179618942768657,0.11095071991012351,0.76443161931942
1.1227688738186203,0.2310171369671527,0.22495568647957384,0.03930710448145086,-0.7338997274469333
0.34487056069116084,0.03649643530601826,0.3215942739776524,0.09309971325732863,-0.326111262216088
1.0942500091503629,-0.18657020643691102,0.38320256633773864,0.014175842929566806,-0.02314391431018653
-0.2267782297961845,0.14944005200797028,-0.21576029213538764,-0.0794211134067011,-0.03932136467355227
-0.11192841079503782,0.5935890315326142,-0.5982724720117275,0.5765882550178142,0.9025619446548594
1.5865253533135566,0.3099867125512955,-0.9905751303205166,1.1002025410824467,-0.9247182019796536
-1.408005629487453,0.8349318541454828,-1.1134504898651383,0.8487881049852544,0.9633564054948006
-0.7022459317167001,0.29979570168347447,0.6833015769088842,-0.17218531875516901,0.38471343795214896
-0.059816708117754525,0.0995303176203447,-0.27070455298171636,1.0252715967207218,-0.3740524994611878
1.7749933001915035,0.8834486599025619,-0.8463618459231546,0.7299378321695054,-0.2665988370576839
-0.45622027048918357,0.23026761597507914,0.7093668019919664,0.7267125814731573,-0.3648260846417647
0.831725129542282,0.7427930402447709,-1.0116304610651237,0.8709087492417504,0.4546624248905738
1.5552781539586142,-0.5442656334307783,0.9790073817206281,0.8573776600942874,-0.9527669710447253
-0.11432763098372686,-0.18880157215403742,-0.6600747003909153,-0.6251931289433867,0.10601580728298918
-0.056967450327159885,0.10925435278085929,0.7951757502710212,0.3084917103092579,-0.17597526061059943
1.6359033867586699,-0.0866410489384104,0.8963297502862658,-0.011901219296308996,-1.3211195560315219
-0.4060968544599146,0.40196626921974304,0.26949524175733225,-0.5807458184488566,-0.6493377955910131
-0.8648578012495814,0.3383766094308072,0.4086761176914274,2.8271409813763966,-0.4905515152954346
0.8620316786988018,0.3931968563861107,-0.7477119417656191,0.06281562824279874,0.18356903640003974
-0.372233818850822,-0.028397920281087063,0.6209151220475392,-0.3561185307791258,-0.3477988684250234
1.2926693318311488,-0.021260418217500188,-1.2497482274901623,0.7632619864022901,-0.08909310318776198
0.5964144861761729,0.05800911950224433,-1.507904618907718,0.10142673329416113,0.8624068493856138
-1.508454283179029,0.8701781578615939,-1.5600959469039681,-0.12370599104330438,1.4513986141188169
0.35758953938718396,0.1918187023931925,-1.4847812687557809,0.5345443542943913,1.4874247662421984
0.11205040973201216,0.6463037044722537,-0.8418413323446571,0.8949193197063714,-0.33116198986430884
-0.5075516450773091,-0.016400160978874867,1.1844218668006536,0.6717292542345028,0.07845549951928099
1.1149866404354651,-0.247234720280206,-0.6823316124337802,0.9895192949870918,-0.7537882358107807
-1.5248964159678056,0.3371342159149664,-0.8917690680465511,-0.3854443342778122,0.4433496443731381
-1.0496706081054672,0.6520291401669773,-1.8095450350663957,-0.46574883107652354,1.9329401134739923
-0.35529039595852363,-0.35132998422555806,0.8152320830972718,1.5164372280532523,-0.6250512484701646
0.8283046131818724,0.07541357437094162,0.45087807682933817,-0.579454925089794,-0.7606292234453044
-1.3153279682604881,0.5145053172820555,-0.21699557138340392,0.7952496989310813,0.5725488015324901
-0.48625680659240733,0.17353681320528241,-0.43743330752731224,-0.02881892551134818,0.4438168581913226
-0.5587593796321678,0.15857328179778896,0.004425148932905437,-0.8546733355073293,-0.2669533550843094
-1.290564815761782,0.5636493343114686,0.5219597484859326,0.8248177641865206,0.3629092593693315
-0.26024202901436483,0.33201812382331874,0.8286368298863329,1.0073342960875593,0.2684988483106207
-0.9631156173093777,0.3385734708194687,0.6615633582700251,-1.6552974953979998,-0.44146794077688356
-0.3236832374431067,0.07888273528834655,-0.04750716283906964,-0.4059946206687072,-0.49057810139266256
0.35333438156741814,0.37339155218522535,-0.6734389928279343,0.3910089684391964,-0.35489139443366224
-0.7499183048414029,0.07653998820237232,-1.4385957021992382,-1.4209782776484194,1.3664167809072802
-0.7140066848518958,0.8075784076159757,-0.7798919410536895,0.7143537754500251,0.05436584896187763
-0.8217240957404391,-0.9045172320769969,0.13158545992635062,-1.5521910649634292,-0.4556418113837655
-0.6947544470501679,0.3116430826578946,-1.3184857548811946,1.5108701293875455,1.4878734075049
-1.3569234730638295,0.5462141431766899,-0.12654753865386348,-0.6263491696925189,0.498888704923194
-1.0004588591045405,-0.09182504019024312,0.08102228009006834,0.3867261573840854,-0.16792622531537166
0.1959399749741242,0.4951554360892578,-0.6161307759509593,-0.9194311942732631,-0.02426595741493426
-0.7232502866812238,-0.002101512047496701,0.5919159433830803,1.396791418746666,-0.47635191667246607
3.0930769789294477,0.5340189686093648,-1.0209454373208338,-0.12193692276968487,-0.7902537758487542
-0.664199616507486,0.897455879409853,-2.715110687657469,-0.5025799894028701,0.6207713291434813
0.5069095155813959,0.17892361358119863,0.1060037952222084,0.3862651839454879,-0.16549192599476514
-1.299423192207433,1.114187558763025,-0.5400981813651179,0.04080547959744918,1.0785532303961505
-0.1617705321080658,0.25934857967124303,-2.0193241734822194,-2.1740796537597467,1.0774431577631318
-0.4175456118679749,-0.6523752796317961,1.3400353268604301,-0.23691498156176216,0.1542826187232731
0.013463371187736467,0.11200607071681193,-1.5197448066403205,0.46421001331011397,0.1586978053435809
1.3131873745285008,0.31508643054436875,-0.9763758832731755,-0.5102918196059634,-0.5759989646876378
-0.06605177244771476,0.35074007754876046,0.04370324383643065,0.44677760038591596,-0.7957694483736599
-1.0223015448024193,0.25802939156672067,-0.298570666381717,0.05769666515568883,1.3794393414806627
0.20170185606552105,0.4091149411103973,0.8963610017428645,0.9595384936325164,-0.13091750300362504
-0.7961768027438667,0.19039341311323524,0.43380499496504676,-0.1571967448983626,0.3471601817833515
-0.01528285051156475,0.7688435060575926,-1.3942809139341246,1.5801080332892594,0.35884678688188154
1.5687993593956633,0.3854441239006373,-1.0158786530958452,-0.21214812520026527,0.30452643020682674
0.9788758800518536,0.20928862692630013,0.17443357736243606,0.2391849621013708,-0.5423752932082937
1.1045212012436256,0.9590588497556334,-2.503620647030489,-0.09358690660132851,0.626435902151527
0.603529429445493,-0.2247310019677543,1.1291283764538131,-0.6837964678294202,-1.068024993615079
0.09610828914877848,-0.45572980757280057,0.2861066392399255,0.18779296911727875,-0.6660163063147636
-1.3047199695010332,-0.0010485844170617376,0.3876799537125464,-0.2552495508954514,-0.06369000976129613
-0.3197079524077315,-0.7111044376429836,0.39977426515742254,1.007569780204234,-0.5184342286361316
-0.37113517786662364,0.4507424606516481,-1.2200144922799439,0.2341690756890427,0.9276349630468863
0.7455987969550208,0.14365067410950055,0.6526260820568708,1.0921954726990322,-0.5427362848343027
1.0378290735010585,1.060069694802842,-1.1817247585846584,1.0755252710733312,0.04688587955727286
0.5642720716868519,-0.09636847453211739,1.2465119560199944,-0.043072895263805755,-1.2690428273074061
-0.6087400698467705,-0.1944550069579733,1.2540892478230858,0.18231542465545592,-0.12976711301750776
1.8233997221402336,0.5171461732415659,1.5610623393975587,2.6093010617031975,-1.3016698590876516
1.4281876593797516,0.5002847689143162,-0.8914084658462123,1.1711415731734447,-0.4868290417824583
-0.07465516455447008,0.5124130434384182,-0.04530545623727955,0.5747049729693474,-0.2762120795885443
0.30600151627159233,0.037749941395659736,0.7606102669175829,1.8208094133070252,-0.11985839653152969
0.7127258104590561,0.035831997924453435,0.7878199828238596,-0.24614714703357476,-0.6610460419507079
0.22044392361319992,0.4665365691465928,-0.29645848032432137,-0.9855457746263359,-0.3782691812115598
0.034662356185890045,0.19942921946715508,-1.7800597057619725,1.1955693345633795,0.8601377652242616
0.5788596028461506,0.47775018399818214,0.23931644465328394,0.02331349237570135,-0.311204249072618
0.13464587824233978,0.6868452182613635,-0.8278343858911255,-1.0384709200424218,0.574889593517317
0.31260651781509385,0.15132437666053505,-1.754455210903244,-0.29943296289635557,0.6982771538257347
-1.3537550419587334,0.47691997993113205,-0.02228876253573725,0.4118897955211541,0.4544384307747538
-1.3503034314405977,-0.4704299322435984,-0.47362582902795397,-0.5476552086857605,1.0331211084864487
1.723014430781053,0.8671186659874196,-2.342677179959034,0.40947269186985946,0.600340351767625
-1.2720910700906107,0.842983771230417,-0.9861885796566552,0.9216607894557863,0.8077631840501454
0.5722599744147789,0.3317307005683344,-0.06899310814836002,0.772012297026158,-0.42698067800399875
0.41912817124147067,0.18661623294066634,-0.562821834504907,1.2929463113987159,-0.26381602836027185
0.32930756139953876,0.3289842882952073,-0.5694328718617001,-0.9086257669662472,-0.33011888903701236
-0.5114748666911373,0.373887896530391,-0.6692718979630676,2.275873982592321,0.29024823875865824
1.0573468244962756,0.25530565598634974,-0.5224158645610233,-1.4873748415574453,-0.3256896135605965
0.4472497456748818,0.03792935301590686,0.07764749838892374,-0.31621781768436485,0.6447189770095992
-0.18893010911916774,0.39563921824064563,-0.2127675011675052,-0.7049904597921763,0.8078193271084317
-1.1664041941129955,0.7479336558453089,0.1751078334769327,0.8433562871827033,0.3434942951063786
-0.08572348446561234,-0.4414185634437512,-1.6328128353219615,0.5435659874339576,0.6871484776139148
-0.4246094349036119,0.09415167731762833,-0.2513483707038203,1.4989010774859801,-0.3415795611879663
-1.0297524492427494,-0.024321551097302496,-0.8591040319961113,1.1978887495634316,0.5409420603768555
0.47487685483922426,-0.14692113257105593,-0.20431283786576332,1.0290377409366385,0.09228055177287006
0.6599982488255972,0.2752958349804631,-0.26399851584956846,0.3113620587231965,-0.12324629723777819
0.8918530868943795,-0.5524167640965256,1.0103352117112367,0.6944593219788094,-1.5262331375096352
0.23909205475836953,0.12035601631379012,0.9391484501240175,0.10406163572585939,-0.3933748452059127
-0.09366637755421833,0.6013478974189711,-1.0142947222014542,1.2918283639798136,0.6251756938654351
1.1796977865075724,0.6192617870262066,-1.6722449668214687,0.9542730055380955,0.20253663879001915
0.8439655590844115,0.5360253376926777,-1.0449690856086864,1.475531816026401,0.4959695849697875
2.25501176484248,0.4078340173406112,0.05662380399414968,0.5182038939439146,-0.5077484626780198
0.6547854682805111,0.5936074707628773,0.003942088769451457,0.24744978720272023,-0.5842129010532381
-0.7172317940940913,0.34119884254140526,0.42838197214786694,0.8878391012658711,-0.03060528087766415
1.0322783613720914,0.47003801749367924,-0.6004242186548153,-0.015531004012948157,-0.5228465024122345
2.2883063433939053,0.5639030990713174,-0.2520644262421785,0.175452568266629,-0.9309325304990506
0.3998556407944773,0.8557764840150481,-0.15348521120757708,-0.3909978730905399,-0.2898138325845944
-0.0181689708630747,0.6846539938186236,0.16884341247382184,0.8290401023573891,0.09381460578891947
-0.39685378306477426,0.6317235927643382,-1.2577038411251447,0.5720778245025571,0.667032287033239
1.9086231313372037,-0.27161293340682924,-0.6311133080673905,-0.1953798805317032,-0.47963332708357426
-0.015996177869270045,0.39805846485842505,-1.9780554270995703,2.0819521661474663,1.1870511494451363
-0.06879239895360928,0.3583869447139373,-1.629331296424803,0.8452206745355767,0.48701546328005846
0.43879923657515046,0.0905792082762496,-0.28621435398701905,0.1662736414271035,0.41918758435008036
-1.1467043026378132,-0.09949403962687747,-0.35083365415435336,-0.41343045038270954,0.7898154183531747
-0.08878761234287294,0.5400727115585267,-0.5345614286656057,-0.36199317270308407,0.34057479656416256
-1.002293707323474,0.3219887232634017,0.03311244795966112,0.23039257165039767,0.3438340294647235
0.0338504863210472,0.17490503869713542,-1.4075575175531985,-1.0589746585376536,0.7208697556155114
0.623081912237651,-0.12787684568656926,0.26910801862629896,-0.4265244895365501,-0.7696063477201618
1.0192334038204716,0.0017276394430651432,0.2266808991203962,0.5158027913897243,-0.7863974204204248
-0.2161245130027546,0.08662660966438751,0.4689953075244945,1.0612029295372751,0.3508863190570222
0.9245399438198012,0.4004969969360233,-2.6977417723778663,-0.6684097676117264,0.5629950281434788
-0.19011879791409902,0.9055498088413764,-0.258679771890578,1.31697516391456,1.0960994936933788
-1.3497861468676602,0.35620220391411633,-0.8068572595374186,1.0092939871461182,1.2663258682891765
0.6995101877969341,-0.47684358176651886,-1.8048661216240651,-0.5675639580824317,0.7370121803795173
-0.01589717474934202,0.4404945537954584,-1.5967118157205022,-0.9019214145912042,1.142856227379961
0.2762926506176858,0.45194669309234214,0.2960152812145234,0.8183667599051183,-0.497537610939759
-2.2328178485034402,-0.11168349483480838,0.1333374009979923,0.8650130508138459,0.15163495226271248
0.3761469653404526,-0.22991606695879085,0.21095798502823065,0.11396831207795105,-0.5926347340535639
0.4106065528450474,0.2742318410584658,0.311060211873934,0.9553950045044496,-0.2672639219922602
0.4109244402716425,0.5528163893807454,0.46740636430534765,2.997941164859964,0.012213403918296367
1.1428713731401343,0.42409451058432945,-0.738804492404244,0.30510075728975444,-0.6575527327034899
-0.1441054422085351,0.8569817059465885,-2.6337121032205855,1.5290415216578268,0.9580031160423284
2.1659649405496983,0.21241578136814526,-0.48392285303630633,-0.0939316808193143,-0.605816983562956
0.8621605550888308,0.2657436639386815,0.6210946236147843,-0.8529995973378071,0.018218099649717268
0.6977902882340932,-0.07066961019054341,-0.8960891951257794,-0.544143071330411,0.6468088508997065
-2.0972712897857386,0.6284125310037656,-1.0651920513333883,-1.0168315030310995,1.364226384526201
-1.6123450896283251,0.3358681726816744,-1.4637804092453592,1.212679520572439,1.869164757499957
1.579262679224629,0.4667506628330002,-0.45346061829335393,0.5362374338567736,-0.30636178471634323
0.5623612186032516,-0.6067613225197818,-1.201648385675956,0.7084841143261336,0.6396205710585309
1.0613243779000685,-0.4243739548836901,0.8837282336456249,0.8281053021172098,-1.2092162183261286
-0.14170826442351014,0.3889420633840006,-0.004842585802219246,-0.2582629334582397,-0.1664532219214315
0.10027911607453158,0.4795463937436768,0.8262616826588747,0.42704192950593134,-1.035795246578564
0.7539042524669143,0.08659756223260073,0.028214903323475843,-0.06966727155792557,-0.4347002512525559
-0.5102464418541967,0.1289332349049891,-0.751731985096639,0.01436969800195409,0.6239773639668252
1.4367910590614756,0.5194148012669838,-0.8075620073703442,-0.6004115349678125,-0.13527515067906587
-0.7967315479043799,-0.06566603224034206,0.2808299625628735,-1.0125544944576914,-0.21236426937575203
0.42960680962768233,0.24850390022982238,-0.33836505995039307,0.31839349975962605,0.9635272690809753
-0.018909636111835104,-0.12078288379466456,1.8035646068438627,-0.36429513941425806,-1.1244786518169148
0.5594251960514143,0.016849104790252867,1.5696834074261765,-0.28873043870688453,-1.1993085423167764
1.383594191447112,0.553480039595792,-1.1684229889768645,1.1386319012871664,0.010218304536096734
-0.7890420420576718,-0.42125685206941366,0.317853912726991,0.4531697396594924,-0.5231228370676942
0.661457118638431,-0.04357879093674749,-1.460271657862328,0.30305510189563856,-0.3989433175984082
0.35880252443784305,-0.7058710532298783,0.6644532503995839,0.13886236124900436,0.07799178138704504
1.0246481941990377,0.36169350674556827,0.33018945442197695,0.23935645299878183,-0.7113421486664265
0.23059965537007457,0.3160493254270464,-0.9852277669302907,1.190684006079935,-0.6651800741911258
-0.19793024270239895,1.3362292520605514,-3.435872700797984,0.028342551863725085,2.072046022977972
0.7165380912487289,0.09107217014354027,0.5255473574262767,1.761363126521254,-0.6675108580781242
1.4817452762392924,0.3289139993914669,-1.508029804164853,1.5244332913853877,-0.05521620079903089
1.008725425341349,0.6575783365658611,0.2566927131732173,-0.7540722187223192,-0.5342968185551289
0.4033248416619441,0.5026808578645909,-2.4943391386876517,0.030334444992925924,0.8930341476642256
0.6517778687839563,0.1370436504376572,0.20466883080128015,1.1095888709440773,-0.7865221155780485
-1.1540710399918166,0.715599951833163,0.5166566180802995,-0.328124237965157,1.2484476339379649
-0.23443119969346454,-0.7890314924583722,0.9086942723989728,-1.0456508061791776,-0.29511491640293225
0.030979473542643507,0.42843757205568833,-0.9021581915992498,0.5592410084540809,0.29667627189837564
-0.23013655297197377,-0.037457482777501105,-0.06414312482198015,1.5001551514093443,-0.06810466916422224
-0.380218709985375,-0.05135935800540331,-1.719017318080145,-1.0709866363618359,1.138586191349082
0.21937624091487368,-0.1548662919103012,-0.7988476524524959,1.2058018132237915,0.08619932452046802
0.6311133660898736,0.3696998425411733,0.250977908980526,-0.8217621864905269,-0.5795227827792444
2.043752921300285,-0.15141508508798068,0.9456149648729517,-0.4339872347245387,-1.0070177765091854
-0.38083485327006417,0.2971688934997086,-1.4062205014287361,0.6559561734932575,0.07908954783476063
-0.5721765634965301,0.897100235594973,-1.8726364884856377,-0.008124706846115548,0.9419950576124261
1.1769906463298137,-0.036192054364791226,0.6931908404670641,-0.17107637107420004,-0.4553371400843165
0.4046246784079234,0.2754688982458818,-1.8405560732719781,-0.045408191016919675,0.927780706080747
-0.553847008950895,0.007346801023507099,0.8798183561336987,-1.2847336448373827,-0.5554178816418635
1.6674816462809279,-0.2666886167837075,0.23581225373752113,1.4991341320620462,-0.8519145939449072
0.06995347010353867,0.4546436972222294,-0.22069413314464098,-0.10201024150603333,0.042938438834767514
-0.038765725652148336,0.6995424695055393,-0.8702997703828314,-0.6242306100289744,0.5472315647073257
-0.3040354851517288,-0.021432918073697016,0.22169617105116599,-0.7060309548667079,0.21733692457785914
-0.5868055157964827,0.2523752493856372,-1.6860854650474266,0.7203080018579646,0.8914279397784322
0.35016389026695294,0.1779946092508475,-0.978872561852251,0.5081595191585886,0.02407995669728663
-0.6225341248300238,-0.05049744116298416,1.175885907868278,-1.228464827020011,-0.20770131324755747
2.5082124160547945,0.5453902259238372,-0.25922037050964,-0.16150535153874324,-0.13765284336539427
0.5584275513698854,-0.531468326803013,-0.9669144066550212,-0.9707373823645793,-0.14026162193161595
0.02199062864546006,0.7977470760250259,-0.08765701733991804,0.5848495997666263,0.5775811159314498
-0.4632533986996723,0.02330011663364623,0.0037908000651634237,-0.29583500684449904,-0.5464950176424266
0.47861371168967637,0.899318418772585,0.49741330695528185,0.7630464063618871,-0.21516169048674763
1.1542566971985382,0.41886549586189903,-0.5702726730620017,0.8069132269018209,-0.6013683415069591
0.45886841243027715,0.1974634688525042,-0.2880317124665739,1.1875903896336735,-0.13105860913517361
-0.8135892446764967,-0.4128831355235567,-1.217615643946023,-0.057214191916449386,0.9976482920681489
0.020358042162591766,-0.2764963719043152,1.1563285441593414,-0.1309002225205495,-0.9335933274604497
-1.33488286114852,0.4815832632847731,-1.139017412093116,0.40767929668201947,1.1276306965559004
1.5442900542508973,-0.056489556260824914,-0.8349531471616408,1.0717307276590047,-0.2644163843545173
0.8533614185199572,0.5608265199857612,-0.8040633199169913,-0.04360650435149477,0.13714990020478424
0.41607836792963,-0.2669215371984094,-1.0553765999600933,-0.10646890055066216,0.49473505407326124
0.49355093205679246,0.630252918149384,-0.838280763828782,1.1105636469677773,0.4698759900315069
-0.2960403098188082,0.21272606868028401,-0.07782861413492739,-1.2430203785381635,-0.05939448291570525
0.09118361752139369,0.37147283627753513,-0.6308676006542118,1.535003459802732,0.24428165819412867
1.1071143118794915,-0.11813609833128075,0.4772211698626254,0.1917621876105958,-0.3166436867543605
0.184669424803445,0.055295323067794305,0.8391788668262921,0.5835057746000927,-0.8429010510841668
0.7654976881941541,0.40920324938452807,-0.2841473564152167,1.2292571676431288,0.1944524598948472
0.4272444081014166,0.27757498596397356,-1.4396492366755855,-0.4048274292975236,0.22081844878291446
0.43836155735942506,-0.15148869523726816,0.6100833841047321,0.519056494973635,-0.9546947153013454
0.5183450788713753,0.293386887239544,0.7271283729868843,1.316769343405868,-0.5718272324756113
1.181272241063306,-0.349825541378581,1.1045838561537553,0.574703594806941,-1.010460208543772
-0.04011598638094416,0.9815991415968842,-1.4182426466655604,0.9616746107365671,0.9055075839098433
0.8519546077266169,0.42853810371223877,-0.16562639845879923,-0.2514119036968784,0.22737585679039846
-0.4961514389664585,0.022145134198096106,1.3821888944103855,0.9474699109657241,-0.4738870388856442
-0.3033692897839398,0.09656409620979348,-0.35501873280670593,0.4959683226048832,-0.40581039802173396
-0.4264508343188831,-0.17823652041123839,-0.2502567191778095,-0.01748004629210681,0.7792721799563413
1.0148248518637197,0.2437993701359119,-1.5286625923890957,-0.7779379143446961,0.007242506456048292
-0.043706911968927425,-0.8347928539684667,0.484750104116537,0.6904318594764192,-0.721473745342713
1.3598027759176716,0.20075315583817965,0.7550293880548011,-0.5658268867301672,-1.2578108698365587
-0.700309549342242,0.8531159411589637,-1.6643909131968027,0.60208375141158,1.490691245220642
0.5902552820378004,-0.5917635644563451,-1.4883182390163205,1.557091144440311,-0.03194358670576103
-0.8230983565118837,0.2719272801875415,-1.4110892525998748,0.02476535607386654,1.2262124357580793
1.2683299136566837,-0.0028229241157047835,0.20102759268344628,0.6351029073302669,-0.9425576203944026
-0.3973490790326877,0.14289374500913846,-1.5529299905914369,-0.6048173893302097,0.8963110859560444
0.6575315487626737,-0.2371164574757607,-0.40732577925323443,0.9760121975870873,-0.4126525289431615
-0.39216084879518154,0.5835778454538175,0.49345277908944074,-1.4298053223564562,-0.5905279112744843
-0.46328546201712395,-0.2822760818173289,0.0989693202032049,0.32541039982620285,-0.3317170368238296
0.4603513265234297,0.5815707722967771,1.0256495449246463,-0.6697174619956122,-0.940929802752569
-1.3356670094359142,0.6212566677964055,-0.42774430748068587,-0.5194036435358927,0.8677440020332883
-0.8557051126524436,0.2971669206237995,0.20075029086051038,-0.5097995026759794,0.18389850504708927
1.6249145086002752,0.44170258593360845,-1.6923359142538703,1.6664511036462877,0.5942253256955471
-0.51531495296948,-0.5283865375827294,0.42211248052739964,-0.4555300752953687,0.4623122443253817
0.9862471370615383,-0.03239875720951918,-1.2772066861114217,1.5077174611657373,0.16852840549367787
-0.5516009360906212,-0.7324250690309434,-0.9881215275823921,0.23178461140638862,0.9813004874101714
-1.267672146392258,0.45806442374570433,0.965028815968176,-0.2695891180850346,0.30582486390149694
-0.14209730869658466,0.659589691835391,-1.5099653031504612,0.2610626365057909,0.5210301400506967
1.03098109928406,-0.3521671743765816,-0.9590343989484456,0.1628631119659266,0.2538080119652615
0.21253820051776393,0.2996038021137893,0.06080340237591447,0.20288922689387615,0.6681726382417151
-0.03521464289169182,0.13195801371821678,-1.4240060274643334,1.1635729962649055,0.8308665528967722
1.0197060294169922,-0.504463940512758,0.2849020548906904,-1.121019760981538,-1.5262488126614464
-0.4625875864446368,0.08781200401035164,-1.0782926434070195,0.5554105013414806,1.1301916260268636
0.8970217534312488,0.25553529587253365,0.345085481674538,0.27744282907954754,-0.6966659294091485
0.5192159673416896,0.605841774442238,-1.816769526957021,0.640850441190844,0.48053740185884014
-0.7108767422134403,0.18552357849988474,-0.23006932467027827,-0.32522852445797323,-0.017854850208262996
1.0783225103728244,0.4778393111139257,-1.4634027277230504,1.8188514815857708,0.39948308140961303
1.2587207171294517,0.9711725237283585,-0.5313336243830118,0.6239346847198978,-0.45086021228755474
0.003606223227464414,0.6728931229796346,-2.225323487607574,-0.4728265322110955,1.9576224947819156
0.33571625380256054,-0.05872441438980208,-2.026123286883256,-0.06283966766712351,0.22749935193872095
-0.03236272405278473,0.44681412078395966,0.04603669067267996,0.09613948846506257,-0.24196195867213383
-0.8061815931767912,0.8966855012051405,-2.5945737905245627,-0.10057444717578945,2.356632831659561
0.9476745599071075,1.301651553248374,-0.7511752152759681,1.1009488878674194,-0.2808865893823655
-0.7051575337315762,0.5582938547769165,-1.1845004740740437,-0.6146471366117556,1.0169825502879122
0.7014557115064552,0.7156149049346878,-1.4471834014314275,2.443058468976178,0.34254349331413847
-0.27093099015616917,0.6145599954269325,0.6914056390167449,-0.07745631986175117,0.06092008474024807
-0.7270142026922065,1.0602674292017014,-1.8024002967317188,0.17086074856263025,1.4501964500087117
0.7774724584146365,0.6354956387987704,-0.8501498717169944,0.16850554722450917,0.47712591259565185
0.4280205400142053,0.6929453961464644,-0.9312965545043774,0.8066248314375031,0.16907296506927177
1.9065619726522618,-0.07160750119461912,0.17136161652281723,-1.480345049722516,-0.5587225840598818
0.14815803124387414,0.1507436497617466,-0.5835657660197389,0.27240197067505456,0.25537000631084195
0.34987127842165,-0.3109503174317233,1.3141831278093576,0.9416278310869258,-0.5437825347906009
0.31899744754780796,-0.06326827102725374,0.21141666187897373,0.005876285597456454,-0.5161118644806725
-0.016026889787904702,0.39712152058105826,-0.32355728872467354,0.6758046102186587,-0.8938212215368326
1.4215473444075548,0.7058716070988126,-1.415598726140296,1.8019138252924596,-0.6604551484711066
1.5939932497000062,0.6876724211810514,0.90046967830682,-0.5795528520024595,-0.9016270638963726
0.8392444337836559,0.46435529452746144,-1.2116569760013636,-0.389796704455325,0.055717554816252735
-0.7090094238931074,1.1140946136193706,-1.068022251877624,0.29223981042202674,0.3997042574206136
0.6312782215958223,-0.2041177037173026,0.07395841036408413,0.46956261486388906,-0.10179494949176471
0.27225583703298517,0.27512804053773016,-0.7972514242534416,0.2561153957906107,0.5447428626822334
-0.1929333958954208,0.8555098806491336,-0.5186974857424721,-0.4307655623104213,0.34567475525982383
-1.2034923698228428,0.4325108394350523,-0.5093559775846319,-0.29078853605216903,-0.030628983464275755
1.0316718009187613,0.35367478457258505,0.2380423808055233,-0.11636686078849368,-0.23822089017493603
1.3217566068317952,0.6630624904101082,-0.47343774375833864,0.6886088854617943,-0.6727576259620872
0.506749779802312,0.011626350890063253,-0.6896553558521277,2.4534737758359686,-0.18019542854465737
0.6391728853613303,0.019252664168816436,-0.2213761340807016,0.3996662001933089,-0.3808224704102484
1.834667307098595,0.14508792861381167,-0.8295030806992425,-0.9690999891645722,-0.4224456944176544
1.9973183375208654,1.001246591827562,-0.17730427197220966,1.7508334004343222,-1.505950982025573
0.42548969519298924,-0.20370663574567838,-0.15346171354898813,-0.017529860764892213,-0.21944562531095638
-2.3961036657788455,0.05497761601857959,0.09397594411642096,0.9879278211964183,0.37453435787319456
0.8754256350952707,1.1618144149873173,-2.1607698277024503,0.692599112401477,0.1656634042012447
0.36142434607016144,0.44178184882739435,0.3852023522186094,0.25472985416886007,-1.0681003827505058
0.8498799971178675,0.18823637355029685,-0.2960461625925257,0.4280763622083043,-0.30829907363814585
-0.253198587796658,-0.4272580469679873,1.4487304822070208,-1.48251181371387,-0.8196533290821383
-0.6981041066486053,0.34954102060145176,-1.8389959036279646,1.1968265694991946,1.483786437242945
0.6874091193679887,0.2729998773293009,-1.150304381482188,-1.7817143727441342,-0.1637433788264766
-0.05542150399820209,0.653164249704058,-1.2373475001624783,1.5633588413922381,0.7822702567787879
0.3124361827840656,-0.0392068983587221,-1.4168472692664855,0.22472585310379373,0.4706782207265653
0.5992068268714463,0.02308010461400256,0.08664928112882501,-1.325969204787272,0.05651473841702286
0.30985992845104104,0.6106640210346941,-1.3867958126044555,0.6179658426490446,0.048357199999328304
-1.1049415332766817,-0.08814464254398802,0.19653505876498195,1.825863836884234,-0.15615305742349822
0.7386007783101097,0.8964441889470642,-1.5536241219286888,1.7802856580596091,0.4327405401288052
-0.23797724579811702,0.21616835830510478,-1.054899354559822,0.8097001635248119,0.7791776789920687
0.014280015612956914,0.44596658520513544,-1.04499814798067,0.8579645736327618,0.733073464507727
0.5944027929398905,0.05772940338306892,-1.9039748617221988,0.5935855665182688,1.184569772627051
-1.1290792833210497,0.9347170673308155,-1.4527312443823388,1.1251436199665605,1.4806734482500088
-0.04332198720688388,0.06163066139695736,0.2963846515119747,0.17408542962343374,0.13710643674530165
-1.478054292501756,0.7946833393691289,-2.3456473831678535,0.9663521858466539,2.7374818888211365
-0.31714309633717735,0.08880936710890058,-2.307859438332181,-0.6489257212437571,1.211757064323482
0.5010759907114227,0.4403904453476655,-1.6321807697861723,0.7289234318877444,1.1380016503448145
0.054513960877005385,-0.04485802768631969,-0.038412131533445686,-0.7567875722938728,-0.1240925590169758
-0.0789089357059665,0.5849386233291534,-1.11766023799907,-0.5999043916464359,0.8307640931162501
0.7002478134311356,0.8928934357182868,-0.7519331811417393,1.5516107871477467,0.07845934493393131
-0.20260917228487135,0.09193993959271554,-1.4921332199876804,0.5789126622593197,0.780220135721139
-1.3016151871300075,0.9972793377789676,-2.8604214670154375,2.0522771765268906,2.5894654555587096
1.1308034908336726,0.3293147108641993,-0.8000635609221574,-0.49159526473491,0.5503383092485743
0.3386188403334963,0.008044282826047466,0.2618918754170337,-1.2198217745516307,-0.2995855893788523
0.8641648517206169,0.39540921811290597,-0.2515008235065311,-0.5317354940228107,-0.35703640889773314
-0.23696944836970213,0.12019678026450303,-1.0124261759157624,1.1391094991465702,0.4568940009531529
-0.2647506209979382,0.38282810002391476,0.062086839265396765,0.9685326386522676,-0.639177579026117
-0.551432727563932,0.10098305708228619,-1.2698166325262346,-0.8625397067235678,1.3919381637179444
-1.6408135165718405,-0.31461429685602016,0.07201718475900712,-0.129592639095584,0.7042491655630416
-0.310159561876816,0.7705335631892833,0.000983609588229406,0.449898697719152,0.5339662867738735
-0.4373670856465367,0.3821620488772738,-1.1963417802980494,-0.04945314113633825,1.2746874530314924
1.5572899453953655,0.1584115586927688,-1.0074401340996624,-1.4936771835276925,-0.34642942720944075
-1.6388670101771896,0.5239444999951257,1.843813908272121,2.568615267252071,0.07706072441507561
0.12785090612919683,-0.23723671961914328,-1.2860122045992066,2.1415839345978656,0.217480259232521
-0.07079854618570494,0.19894575940710227,1.1401650338171547,1.0466828420249654,-1.242043799126872
0.01636253910515259,0.5593970481029686,-1.623339921123608,-0.5460142613812079,0.46318031948195937
-0.055825336266106584,0.8229486229251066,-2.4132458206606917,-1.1770943441923554,1.0345391752881357
0.2785304786514782,0.36347898082297864,-0.9764861002573134,1.0032968628829333,0.34727933009594736
0.8568819114573675,0.6228172095711076,-0.4569816563955844,0.826133770880921,-0.3276646087483366
-1.4437371900870963,-0.3803412146228895,0.7765094681859578,1.3061786694957647,-0.17731929699825977
0.8301872115583199,0.28412591425263534,-1.5237647507986998,1.447329367933559,-0.041750224067479746
-0.1949967264740214,0.6246790733904726,-2.092927067931525,0.10529606647870451,1.1538183468605072
-0.8459923513164596,0.8023943459792167,-0.8474167230683586,0.0683540669198906,0.1700744347480695
-1.6498462956221673,-0.16163812127888472,-1.021095180668222,0.4683517124843677,1.2224229194712946
-1.6227051933412815,0.9026788280244009,0.5147196225667359,0.10089477185950271,0.36740601171653814
-0.024522625213080185,1.24668032260508,-1.3374132962658518,-0.6797921873599981,0.715139000722881
-0.9878393203850689,0.37103078635545045,0.2567334398214377,0.3292087122517473,-0.7431830386442583
-0.9931385816542951,-0.36511452609467954,-0.5462514479875793,1.4388722688956954,1.2359298763083866
-0.4160140465775424,0.5549371261653251,-0.8160946174109827,0.3909378750602208,-0.4237725047336683
0.054240971305291236,0.5470298623174423,0.41419342590792296,0.6193000952758287,-0.14188335395789742
-0.394876881743049,0.12370806902741546,2.0850265957911374,1.98774506772261,-1.1209054946362689
-1.0014232433202528,0.826166818611527,0.3104670621967722,-0.17524406586479685,0.1515562324154881
-0.5355635532587875,0.9835111216149555,-0.577934293146557,0.341671556263772,0.28826547208732456
-0.12077036390897619,-0.0972858387647706,0.26450900914431785,0.13211523504574474,-0.18681988279378892
-0.920986741653529,-0.11578788611997248,-0.6730720986262537,0.30599101675685936,0.43094943902403116
0.8722563469846014,0.38474566947726124,-1.6228828158542423,0.6559701400745994,0.9251669657719128
1.2094280792548409,0.7460577600603352,0.4500878181576007,-0.5403573747584729,-0.31114925504320246
1.2331122576523978,-0.20214963157069155,1.0169537096768337,0.2159245393581204,-0.5464591179571633
-0.24227535336878175,-0.02738488833123298,-0.13685989132055626,2.283069863451212,0.31631984812787095
-0.25786944741333967,0.16503753392837983,1.3624076368255742,-0.5751311392477005,-0.7603268885802678
-0.7822356368000166,-0.04842723581715025,-0.4046220056650078,0.5963893209741494,1.613292603099928
1.32049885020486,0.17224878164445312,-0.9257963916987102,1.5642459185400295,-0.07163149362926202
-0.3738272716356652,0.6466929312205734,-1.0595131512058276,2.1372328844490367,-0.03507163312388595
2.0565527162842474,-0.0798330676709249,0.9378621475389033,1.066308041458412,-0.6168655353739216
-1.8008607955462619,0.5413449120671632,-0.5989765167028769,-0.5074222820416426,1.9529812132926991
0.274071106715221,0.2627030095784432,-0.930006964102488,0.10009797134728168,-0.2556431374810815
0.5294282494350742,0.1567963372799328,0.8923870542343756,1.4834174061112897,-0.5744348688950738
0.07630558994995992,-0.276497201496016,0.656834522084427,1.4565850086055625,-0.5368214588845764
0.6082275077768974,0.35202759691421354,-0.3148033456128911,-0.13181457571509259,0.4126342914649299
1.9024355276623002,0.4691102201300787,-2.0349606717206985,0.30553096388484946,-0.6773330273607496
0.03961534519343066,-0.04741972920552756,-0.10009184815347083,1.5635891839027998,-0.1319939368249212
0.8331878315980303,0.6177279219413199,-1.5673617561675788,-0.5398320455371486,0.39022803195708394
-0.32808736797705784,0.6521702999503993,-1.2851873206964066,1.652535071705838,0.8894113301698336
-1.062605216204933,0.32722758784668293,-0.1632112111852726,-1.2642286294209313,0.07110917448327635
-0.8828311245090811,-0.0723934503620306,-1.206352954341086,-0.6004776002160086,1.4265395595423531
0.8546156293467309,0.22812047285801293,0.4998343809489744,0.8383457669918232,-1.2186571242884636
0.3808858805203607,0.6332985695617777,-0.4953069603973588,0.7608469593775682,0.3229022019464045
-1.2230516998170655,0.6239075203778157,-3.644517051835085,-0.580212848948273,3.5273645912421285
0.37961327390586236,0.23968181091357654,0.7527527210400444,1.9207138384068791,-1.562647534081362
0.6467799624438447,0.19058548490746563,-0.769694909559532,-0.35329263875402783,0.2619716527325575
0.5430697572759664,0.564206280390608,0.00537472502315639,0.6734522427341113,0.20588100907891252
1.1327796990986507,0.5345137924197457,-1.6761772401763881,1.9517428176840002,-0.4241413999442205
-1.2294844141054884,0.672102173329602,0.9895028876283306,0.8069358258811843,0.17246505387902455
-0.7587066917600531,-0.14374705475357358,1.647204335944002,1.381127916719523,-0.555349966201543
-0.8732992600552734,0.23305314011275638,-0.2787280228139072,-0.6519725654693695,0.29350169885846517
0.24256390823436275,0.623454445613247,-1.8771439681409539,-0.1225571793760169,0.1848332541092108
1.3073080348521584,-0.000296718298982257,-1.356851296606747,-0.7653531848272472,-0.20291463826308997
-0.28818766448926375,0.3290030190019149,-2.1443839911358253,0.5502432821886608,1.001304497686664
0.43129543122056874,0.0005934209628026821,-0.9595120091998695,0.302343388093931,-0.5267765031598638
0.9136752372034815,0.6564139452402123,-1.0735676931104248,-0.28147371787619,-0.8279506929331867
-0.29948490526267263,0.7947938657359753,-1.2598215009523839,0.8966619452258147,0.19387754525307221
0.8605804828974127,0.08491508154390773,0.24656026457072067,-0.06072056567211598,-0.996103709904233
0.01677466468711046,1.199807608020143,-1.2524113321374115,1.411321479012908,0.37146036387290277
1.7430360121772148,0.6120243269271044,1.115930818268644,0.754346623998478,-1.3584144191787224
1.4096001418102575,0.17370479844457284,-1.1436516343160266,-0.10887304986849006,0.061048519531338274
-0.2782415072094517,0.49489838071591186,-1.5982292573636936,0.9954607403871714,0.6291730900906474
-0.3560316710021068,0.11721188720984194,0.009127305459475765,0.5246489591723393,0.4401268320599922
1.8245546499492686,0.6946852447169687,1.381361901681046,1.7003967724336941,-1.3740381083000157
-0.6553047976029495,0.2373683722177472,-0.5870569555100006,-0.529513883285765,0.3472326227024095
1.2020027579184038,-0.03827623740106301,-0.4168822606002402,1.2635418654007347,-0.049589860951732706
-0.2320755041772659,0.19701662253772434,-0.1007099763988325,0.22917230308365613,0.15084722441756152
-0.9128431840025052,-0.19247185839072595,0.05619684983407311,-0.3685201748415371,0.4667807428623657
1.72812062677378,-0.5886040008770197,0.860551307835123,1.1865129530158045,-0.4664592117509859
0.5473431533018223,-0.2593979426469355,-1.297751281174735,-0.5309741226954726,-0.251811927210815
-0.7972331664107839,0.4915372141622289,-1.1697777572166497,0.12431351982101199,0.6592562497160663
-0.06696083872172362,0.061963072352416715,-0.7472977061179605,0.5070460999486468,0.21207491744788093
-0.5198264906529119,0.4247892348210112,-0.576979962213181,1.0116439980913337,0.7310127119283689
-0.7339407432961564,0.09449993524773101,0.5702163488552502,0.4982747032293362,-0.5749233851723671
0.054554737530010944,0.25369803643819505,-2.128386700214732,-0.40004827571293755,0.5341028999176042
1.152008923087846,0.390566063373263,-0.6275869487359886,0.7125318640283289,-0.9807497560115179
-1.1433801802442152,0.6025171762602086,-0.2612584288368396,-1.018260277089156,-0.4656600845308523
0.6048094481973716,-0.10078200190365771,-0.424069632868574,-1.068759984348657,-0.5803023020188218
-1.1819095365195165,-0.05164438151928891,0.026369259660801517,-0.5945365517233148,-0.20557413339127484
0.08243053429400726,0.2958440387171044,-0.8446312182640596,0.8501166085035157,0.25340248866291737
-1.177921851583875,0.8833924026411558,-2.8249421307464897,-0.39227278050395453,2.266212477286806
-1.0823678644219576,0.38226791557176687,-0.7710811484592159,0.5816011226657423,0.8862422984657121
-0.49323140616890526,0.20535979290646617,-0.630287872906075,0.17241209745469327,-0.09244673352770216
1.0400498295241265,0.21539770944893433,-0.003498448602417936,-0.15488579867946173,-0.03365458607282412
0.8897934703409117,0.18284649585825755,-0.0015304480447411728,0.19369452112186888,0.19599681237000854
-0.0034839582463697394,0.04073398434686196,-0.7837217252368092,1.8737201263816587,0.5077587023977403
-0.1707435128929104,0.6165952742493865,-0.012823405039872116,1.1960562467451088,0.18567462754978772
0.22576099270488903,0.9982929587434326,-0.8803440507364062,0.327337249698477,0.05325444837009413
2.701243174567396,0.38560852651307037,-0.779916585652295,0.19511424933161112,-0.43511552084641186
0.4370821085365404,-0.27333692429091816,-1.9976325879603771,-1.450309606623976,1.3626916572091072
-0.0011989045289817202,-0.4170287864417388,2.3678669532465766,1.4103053163092398,-1.5631872125878994
-0.3246897150003379,1.0266247789231486,-0.794974976951556,0.5020269683622518,0.9869389243066943
-0.16755212547267728,-0.38660519163250395,-0.944923115377005,0.976687214797226,0.19862910708830717
0.6855675999543868,1.1852509211965159,-1.181551631003934,1.5694482665998375,0.019218758752145293
0.647420005296361,0.4641903154171573,-1.2342725550501852,-0.025639984683279993,1.4579122273968
-2.071709140111671,0.23009531741666456,-0.6573908835553612,1.8489061232518962,1.6150692416934131
2.0428136759697133,0.6089314936447426,-0.7815062136481146,-1.0803219066601393,0.24390173510923596
0.5229844754753001,0.2945445157399175,0.8165037100225866,-0.07402756352856349,-1.3145506305068673
0.029865562551675856,0.9239281581031055,-0.4337685658945736,-0.4057106568143506,0.8271385097651753
2.574390607831938,0.09653353138432336,-0.07450465822068493,-0.3161005100747547,-0.10109465073886817
-1.3008810899469494,0.4041761047369847,-0.7722425560060228,1.475177951495353,0.7619369714757325
-1.0300338978461916,0.07862441618747965,0.32187406414584846,0.9335340664229945,0.5944159409568294
1.1436579816339276,0.48404935291327145,0.8925174862652414,1.0372647863071247,-1.1115460299155477
0.11882208682369873,0.5963397127555907,-1.026633912450209,-0.22223816975432553,0.4460925660108375
0.9298660875410373,-0.21918570187762348,0.8608587089684356,0.6566841150340599,-1.2909568615625864
1.244018666174635,-0.343239252214106,-0.6214875240742339,-1.0832919303419386,0.18420909950389813
1.7958052343879864,0.66643871007882,0.0321221285843476,0.9007276652208037,-0.8322051356646101
0.7302237312316396,0.5833317924153294,0.794715094460822,-0.9558850874011258,-1.1774425807200917
-0.46460829299826456,0.463308160246339,-0.28292758537948115,-0.23468710326821107,0.2679381763913523
-1.4186127545893603,0.010464016509250107,-0.9844451220280139,-0.6449537171204253,0.5654720819817721
0.2441411926066266,-0.16323155173619974,-0.8457167334875135,0.6808192378799443,0.21887003173693853
-1.495021353114331,-0.10814404696643537,-1.089649115121473,-0.6458733099530574,1.080937938266469
0.17425181174566698,0.2881146384083731,-0.45110466067655924,0.7237168409212207,-0.36567354200615554
-0.614104850676787,-0.09562267582587586,-0.32778126879816,0.7666043128152125,0.08118684046642002
0.46959639654593843,-0.09892304010493941,0.4477517629986238,-0.9932708060125897,0.7844899347935105
0.7571185341795018,0.42355537461105053,-1.5637519714563324,1.4842787714916803,0.8314016928292182
0.08036773758666937,0.9286146044251604,-0.5153240126037257,0.8492497846017318,0.1558805865258572
-1.147349908717481,1.0282057166243883,-1.5549076291781299,-0.21323995342135071,0.32838480562729155
0.2536139165324014,0.38253537791379594,-2.0806454932514193,-0.14828483717844654,0.7994363370288372
-0.5475370864272529,0.730156005073776,-0.3942116120738982,0.17710614061404376,-0.5427145107405633
0.40279502988478666,0.4768943801516822,-0.9115180064064194,0.5528845377157956,0.8289676230535772
-0.3032535677465665,0.43370044949653275,0.23150568594117438,0.47110387541475257,0.053217797143872425
2.26175635674507,0.25920517226448586,-0.7628703130821417,-0.3477094411672975,0.23691569117313105
-0.38723283721754553,0.05341724977477122,0.17963219232403074,0.9446131356763706,0.3734017518443062
-1.655320390756959,0.08800372085427727,-0.773811501816412,-0.08317144558993561,1.202229604682155
-0.7239878842240247,0.38421731563612,0.4093980206764485,0.11164018297754574,0.12206559587670415
0.19190333403678786,0.850608958893403,-0.31670086989905777,-0.32057322796788124,-0.3750099322660102
2.671676945644123,-0.22621338681081538,1.063122143233181,1.0258365294374259,-1.6677220258968688
1.406017288066228,0.07610777323558979,0.3445447328718356,1.0013359884417807,-1.762250245386493
-0.429984417770395,-0.15513169477851207,0.29045352403971486,1.3417141324414816,-0.1483279816782752
0.12155194564977077,0.5493984922041304,-0.4233072922014503,-0.28945412829943606,1.1654034093535017
-0.9926332333334388,1.2351392300850916,-0.16747150931230204,0.31849156947316665,0.0757560158815008
-1.2311474888605307,0.47652400867270917,-1.6133412050832814,0.8165457026022795,1.5636106875962144
0.9808498748012784,-0.21365972261433436,0.014461919897745368,-0.561805360327876,-0.04980501625827147
0.49542994255071016,0.4732060751616946,-1.093760992295468,-0.701487927937239,-0.27392883679512614
-0.5799200470593705,1.0559420143224114,-1.6670283334787612,0.7280229885045044,1.5180080718288778
-0.5475288662778168,-0.0165914782718935,-1.651446009901584,-0.4903469385107848,0.7212150505076869
0.5072187240394237,-0.5956764687722597,-0.27409252221687785,0.090754591255202,-0.14098345542947055
0.7394374370415188,-0.48953821573710765,1.465371037369109,-0.4528875793649423,-1.862124007817283
-0.6271144106627348,0.4581432095953568,-1.5665200544336844,1.429225319289598,0.3299372088227039
-1.4661674789745693,-0.4572583732443002,0.0699448790986289,0.9113720800325867,0.4450290322657107
0.9428452893521956,0.8751002326299815,-0.6737380519041429,0.5673061335160293,-0.4007983080105416
-0.5647817892762438,-0.6522562432036978,-1.113425129822994,1.1685561535890823,0.33558611229975055
-1.5744564979995244,0.2115205167525932,-0.9656512477627288,0.4337953382409689,1.6706892756707208
-0.0617181940681622,-0.22930399788517686,0.9410950893564928,-0.11111222839524887,-0.524017246714667
0.30900827223966826,0.6059931051917291,-0.2870105082294001,2.175074445326217,-0.623881916471718
1.0014847018505482,0.4135628774361957,-1.6619820077210534,-0.15151687191625707,-0.20983230166809874
-0.2878466329855143,0.5163078269357049,0.7254342067362566,3.3517598935203092,-0.7555013260770829
0.3702670498881175,0.5571313031637515,-3.7378733224918235,-0.149273941975874,2.00909287034652
-1.0567831722166319,-0.03963245387655989,0.07783549181704003,1.007713676942608,0.38215982955815053
0.5441816364299193,0.31130944130462523,0.733600441809511,-1.1175034736395477,-0.4618889344510576
-1.3097685786150564,-0.082816669543332,-0.7824069200316058,0.72235792108685,0.7086093262946311
0.6742690417244798,0.12867005069729162,-0.20301775707595898,0.07851133962325868,-0.30173146520920224
0.2702143835541652,0.3425260439684593,-0.6336922883961036,-0.029763509852348935,0.12665891655455566
-1.2915552000720707,0.1114952019753454,0.7740746165297706,0.16292710306223104,0.514597439062551
-0.46709964688635774,-0.2741696621132713,0.819820466426431,0.0030860584062200047,-0.17920325015656627
1.645243177893665,-0.2446718715123658,-0.61487054311238,0.8271547090526306,-0.43993320763946436
-0.8642161523812358,-0.18708843453769508,1.318101830753641,1.8975132659750262,0.15929257481834902
-1.4085218558290973,-0.16030371500078894,-0.0764583812572697,-0.18617439002402392,0.559264375699771
-0.15325328494170376,-0.1817403172249033,-0.15413187352048777,-1.222950851575609,0.5040596085388092
0.26657428194161836,0.7990024385293616,-2.1406481596395057,-0.33202800417858824,0.8260771974441431
0.8691392673325538,0.59007419130965,-1.4697819358579884,0.17361052688493275,0.5789372725367212
-0.021352734612976515,0.38532660271551966,-0.05572333954220843,-0.4755719378844735,-0.37601648762072587
-0.3156498056624823,0.8084355058483468,0.8118190379574273,0.6239092769738714,-0.20789427909412814
-0.10185936333134066,0.47055979289732347,-1.4497094698875648,-0.18230250988037655,0.9698401546053061
0.8267534246238513,0.08159469396006577,-0.9009945379390445,1.2057551473820676,-0.24835244330252482
-0.05135351930949064,0.7170956051075567,-2.3136196054851608,0.49438703786802485,1.1652098033187486
0.6287735491272937,0.46751576302396647,-0.3636104593550559,0.728231516794256,-0.048806780919006254
-1.5360195801016805,-0.5426769663676697,2.931701918120729,-0.02726300934134912,-1.1626731804827983
-0.21794850084069917,1.1464486654943673,-0.9153661943377153,0.4271353421005094,0.24061690721922557
0.03300293817958978,0.2200342978437784,-1.3434735111037197,-0.29305826548318237,0.19250931260048582
1.0691741958076388,-0.40685407758307435,-0.1145069916076833,0.8973171652516266,0.014890285044926455
0.5402298835967543,0.7839160976439234,-1.0000141870093862,0.3329221267605543,0.28988436121369643
0.3135168106002906,0.31917636761758134,-1.3206278585736646,-0.5072611347614975,0.7711849111013784
1.1147498828331042,0.3305775696840952,-0.8828987799734613,1.4089641676489362,-0.41996323752364545
0.27488209119683027,0.8260845457318514,-1.8456239086922046,-0.010969047685479016,0.5672024933889811
3.0238173747548314,0.609391481733413,-0.757470649002622,0.8893084948954947,-1.0327181999220292
-0.7222661729524237,0.4020678628093696,-0.06725400493352857,0.38018898671034246,0.6462055313447204
0.23422909572155107,0.3613864677750792,-0.4450046633491288,1.5156548643665908,-0.42805225956094356
1.8226813159355162,0.31340395892426365,0.42058916564312615,0.09411713047044784,-1.482355739602442
0.8446747298503352,0.2060512751147492,-2.741639970634741,0.15758286685506445,1.3602665603970663
0.4132125103264771,-0.25970750971133083,-0.27887294288864467,0.5563903420109302,-0.4525403340522355
1.0583805008823077,0.6927062874404535,-1.490679785579357,-0.5827686527768801,0.20751189455995545
-0.3040118074532493,0.2758839736921748,0.14529846046334993,0.29685839214419785,-0.14182630629880236
0.23622227610257493,0.23130594574711524,0.08441972633219641,0.7872897022361176,0.43845340932847704
0.2925548055580032,0.5665366631036385,-1.7634672588822453,0.03805953937608603,0.6991348622457143
1.9245663128125767,0.00689796194430603,0.41874625096889434,0.18619565810911518,-1.4999016035561887
0.4346100578621742,0.11344240138494027,-0.5536918541126241,0.029401868221565264,0.5634076132409768
2.0518913853269574,0.5371216957194873,-1.0854687335679474,0.8091322991198313,-0.5908942023927686
0.10905274402113628,0.18583089438843575,-0.18318224401197436,0.6429899193745869,0.102959380065833
0.379621936325041,-0.15481656261217241,0.07346111746105684,1.1095428333878599,-0.5862918747762407
-1.439687009244146,-0.13693751797392711,-1.714358261221711,-0.025669989865168108,0.8573843059994463
0.7140433737836342,1.4040234080498104,-4.127374397753443,1.4193282455661649,1.8171836854855463
-1.6948001176300664,0.05672663142082532,0.9209440918085069,0.11290647264426817,0.1830353761389431
0.7551991494848805,1.1335864356976728,-1.5578166941248353,0.6778304986809546,0.982985946334425
1.040266995567337,-0.012566993367833235,-0.8090464220050902,-0.4940322782940948,-0.18411590651458892
0.5054087129063967,0.41248243613137514,-0.3656362238267533,-1.0229871587165653,-0.41772121643021937
-0.8377305838237071,0.09201894741851604,1.5292007813236599,0.847039334935897,0.199755010498872
-0.13223771385267813,-0.18816000845737896,-2.0840727885602806,-0.6718329203544027,1.1730322321446602
-2.322713526697807,0.14084528267216384,-0.423754322538181,1.4191942840284224,0.957136374548395
-0.5378934155190142,1.0793237050878155,-0.32321297215708855,-0.9429657069317019,0.7415940392454436
0.3431141677914723,-0.034193529827920954,0.37275501119031035,-0.8432119408456775,-0.5215616436720338
0.12794368837606973,-0.13126662441248366,-0.6052410034945206,-0.8906015281599893,0.8595895156199292
-0.21878872523971848,0.41952875611473595,0.052139884312888074,0.445730905366318,0.5141423704160797
1.3290567373824116,-0.13137265917113983,0.8635016413930422,-0.5162119607724291,-1.0383078234306795
0.44269632090746536,-0.05509690827745567,-0.3026992538520613,-0.4311272115661461,-0.09785621604476288
0.11636303889537569,-0.30300573875546133,1.353496372005782,0.8191007062708977,-0.8858271348855895
0.2919230784401942,0.6395739296384124,-1.4062991820463668,-0.6469267643420593,0.4436338500325708
-0.8694466832655802,0.5261971260130168,-1.8864063228857404,0.5238283852213703,0.9339711217945477
-0.05255477451861898,-0.6710754091660214,1.6627139308129424,1.7080913028590223,-0.6360510191936877
-1.7002600712974845,0.5243128426504883,-0.6214914490465845,-0.5680579243908663,0.07560101659865287
-2.4434840249895147,0.1642167598963663,-0.0663319937222531,-1.3098788195379132,1.4606477052040088
-0.2211709519594725,0.22433571771015268,-1.2574016403652348,1.4267897967040113,0.4367140620073336
0.9568526843984951,-0.03416716091304661,-0.733582598278312,0.7943609429784553,0.01646356172869351
-0.9181136268532372,0.34148161302393976,-0.7534722062257762,-1.2305025413103794,0.8077263334780999
0.45822965906949564,0.5010365278705381,-0.2136128058103708,0.40076560343864764,-0.031508847843536456
-1.5174930167155782,-0.05984074725858385,1.5831882740339103,-1.4677721531202117,1.1527487515425463
0.07311627485115904,0.24975008272611537,1.0571523442555482,0.9452774817790166,-1.450512618700447
0.11428586553627373,0.23495941821075064,0.995271109776315,1.1697998529100335,-1.0814953892508319
0.09188955316099767,-0.060508073699717724,0.042672590997935314,-0.7231426683199187,-0.16539634650894514
-1.2351939656703737,0.04135335808481408,-0.2284143307540949,1.1779697951393662,0.9302420282847708
0.6081265523657668,0.2102542287032949,-0.693454047728808,0.5828248724493734,-0.5369328918036873
0.7420582433780131,0.5778744428457812,-0.8190482460949107,1.0154237547503262,0.7293539776844802
0.6014777320255651,-0.005831208710360858,-0.8486083733262556,1.049406053998756,-0.534528057459556
2.205153006228886,0.2590492031392717,0.338034814700115,-0.09847615564117662,-1.3385323361891708
-0.22155234586738776,0.6466849751334749,0.970080032643524,0.9339649297684651,-0.45113253558507654
0.28506988912428055,0.7932910304235735,0.5502852069046121,0.41855044661372615,-0.5788867016249448
1.2337537823032614,-0.30548350886508957,-1.094399215453865,0.8515510936247236,0.09153831396482742
-1.1280743558709068,0.3398684153986062,-0.4983203921062015,-0.42200829948161767,1.1730220410806274
-0.7318402818193626,0.16576698142483737,0.5203363462062633,-1.5062168310325827,-0.052934030215691735
1.128944997688429,0.046229760057171304,0.02246540068610793,2.706416174913914,-0.23519371950649895
-0.20453593227205785,-0.020938124442388628,-0.6775336214977207,-0.21292805870596465,0.8756851705426373
-0.6247845878656743,0.9133901957315328,-2.9555559497541797,-0.13418546614842503,1.4810054065927765
0.5711428490807909,0.6480620813255271,-3.172981894996452,-1.2404295540712376,1.328872903524823
-1.1359613300709848,0.15848411088399555,0.005446484200269303,1.5605850735921345,-0.3114088370128261
0.2518973357974933,0.2997850778493092,-1.323876149785808,-0.8185152439156635,0.3306651196203832
-0.839170033334715,0.23012344039128804,-0.30511668561458627,-1.1104955467919635,0.5875241814202541
-0.48270467532507666,0.18503137362644223,0.5115836027673993,-0.29601763509742296,0.6125472008489401
-2.3350922050011658,0.5784322846835009,-1.1229818196887087,0.5381914102432505,0.5507645704591461
0.3150114582234814,0.08158673467241431,0.39634000093182675,0.2835297243271312,-0.2897416373969673
0.3470161667037094,0.5437786153340646,-1.6276421216928092,-1.4619471219018478,0.410507179803938
-0.045401446093622316,-0.28732058676691563,-1.1591468678506138,1.3508434651613412,-0.007803284836656155
-0.49509306634294614,0.36412544916270234,-0.13989082910606354,1.6358894052750146,-0.16542673682502373
0.33466385120164355,0.22168112884910005,-1.7584059373187864,0.8930995581580152,0.671848994092985
1.4825330034636082,0.04703304041352621,2.1437070128540148,0.27035738982637225,-1.3381355883547001
0.9321239271712394,0.43143871781776977,-0.3905507094252558,0.5331088215815555,-0.4707354044085077
-0.5325703104037807,0.3222004927863407,-0.2627861242112154,2.2838958466711228,0.7137753398280298
0.3494557997231662,0.14661449830138348,0.4298547171121536,-0.37085307649440846,-0.8087374884074933
-0.1061871023918323,0.7845385730979304,-0.9405577421947026,0.8052879462661903,0.19486689246053895
0.6257041524445454,0.22518457018082386,-1.0291585970191974,0.4044661264255852,0.2654981694975301
-0.6126328500116661,0.2006400446416865,0.39245562382193555,-0.0807672133009597,0.27145000693744636
1.5038642908204687,0.06752959497927893,-0.24238928544012334,0.2608766350337377,-0.2991552515370314
-0.5910337897925411,0.697285096053561,-1.5414354016672378,0.16916539566986954,0.5657468921517539
-0.7910529430271689,0.6401888370389123,-1.3755805247334014,2.0785666142433037,1.1843342732896849
0.45363656568155875,-0.628898570745085,1.2312035463672126,1.0848538243313244,-0.8835677183293524
1.649641874030285,-0.07523560894626152,0.25825680500621606,-0.4586996824068206,-0.4063306846375725
-1.4160767405994936,0.4119358448750685,-1.18331118336501,-0.5774273965254294,1.067024290342043
0.19226878557079344,0.6420098875551689,-0.09848963220931795,0.1343316079017749,0.23514509097920192
0.7191234235660405,0.47346130044781365,0.32951039752517636,1.3303377959778226,-0.190214322973837
2.628480664668302,0.24052948105553285,-1.3146537047020588,0.5651600670007366,-0.4914692321217081
-1.2458956608941616,0.8420637781834385,-0.8991612193108178,0.9679455530815824,0.21299284747553204
1.1814251814532004,0.08414585688849843,0.564224061256776,1.4096455823403617,-1.6768664478068127
-0.5334915174406477,0.32274834851474266,0.9386468912122417,0.10446042123112118,-0.5223640362995332
-0.1630772042662897,0.28752879984056695,0.021964987987285245,1.1317688701917614,-0.028226907807478642
1.0227421618935206,0.3348613655068,-1.691710066613612,0.7109923040890053,0.3629840705841739
0.19222770734437528,-0.07121382468755277,-0.5373927040568763,1.4535170469769172,-0.14030711602017332
-1.1150969106804398,0.18416101139250146,-1.0947623327518738,0.7150647292029875,0.3208249067047238
-0.06125335495309789,0.557391248084868,-0.3789629047091907,2.083594151920989,0.32325481071784157
-0.21720112056198676,0.675954236059991,-1.6336134165879312,0.25571735428789555,0.23037368814475034
0.30372510226862615,0.605221997836525,-0.39166110548630345,0.5320311191189142,0.11287835835082853
-0.7318965955273101,0.47373637245295325,-0.1311548728524891,-0.24051186312870432,1.1465904254546264
-0.505616908198168,0.18918144836053827,0.14529503849564204,0.8686869070676823,0.10195745035561161
-0.18079734180348372,0.5394160922535667,-0.7683350415107986,0.6246688922678933,1.1047688781642544
0.1516349746827385,0.27940120598899193,-1.869751581995037,-1.4924512760823425,0.6261691342285944
-0.029506614158976624,0.3457144147437473,2.4165835076497704,-1.185271435085054,-1.3072296410553097
0.5227422631198394,0.4635001738239094,0.5776784062925477,-0.6823523340938333,-0.11523775778237347
0.7154772698227492,-0.02147226209844777,-0.08326361701202728,-0.2846950279214209,-0.28386250145147174
0.42559417795108334,0.5091638584754452,-0.19672735482527315,1.747543850252149,0.16556278664839286
-0.4858671584857477,0.7201648594815016,-0.8314844330807801,0.24459738947080661,0.12841450951091238
-1.3096307317048876,-0.32336095035514556,-0.11958920560092634,0.2340821748241248,0.40341994849170326
-0.7020143718346717,0.1702940364663268,-1.7819581361803913,0.7036913521983048,1.2432586643745271
-0.516441305389647,0.15041784461507687,0.28617911880582103,0.5907481909713578,-0.22849830920650754
-0.13219801862852115,0.8976158844963563,-0.10637259013494105,1.3190024788809076,0.31586343908307135
0.94307217236913,0.3306368262189126,-0.7389889012766667,0.19518898536665655,0.804615499655617
0.022648841830770913,0.5211907442465958,-1.396225227630872,-0.2328254547101406,0.49591230886509025
-0.7902823696946006,0.5711860362900548,0.35149723613921346,0.7244474136072185,0.07243441967042766
-1.1290424226155742,-0.010133364147760893,0.06958959613574249,1.2379173133531436,0.8204546193267864
-0.031854940231732964,-0.2172127244897753,-1.1711134560561667,0.42896974040687663,0.21085134990292992
-0.161533696918019,0.7156244719799468,-1.091583343070583,-0.2562701868373166,0.7830270278357994
-0.9096851133648919,0.7764663303039137,-0.7513047682959858,0.5368189865774393,0.6767621077717239
-1.445340162002878,0.620620682807245,0.19147028702558855,0.11460346155583842,0.641077309775406
-0.25412413797781197,0.5989896709765179,-0.013544541926210463,-0.3395928542262677,0.714325792973001
0.41939408061541006,0.013415470738177504,-0.25553742888812,1.3110740439099233,-0.6658927233037347
0.2526164995164477,0.009180444363614149,2.115785664982071,-0.2764258641174535,-0.9817286821039651
-1.278413605477541,0.2872731846035712,-1.3089262510627682,-0.10641572831841595,1.3105848784745087
-0.34445516629833756,0.5357151765088751,-1.4919047971646173,-0.5758658548030493,0.9215715466211032
-0.12244341376575768,0.15862425637991462,-1.377133196095535,0.117248050779268,0.7767848736327396
-0.8343825661044434,0.16765393675091267,1.0164780378078262,0.956369635334817,0.5908890036758425
-0.025241061309076718,0.4693260783186812,1.1107674336192834,-0.6439038966140317,0.20584514765578155
-0.535880019520818,0.8915433180576304,0.13701135482721116,0.6522606968230344,0.44297684674300747
0.9030369885286637,-0.31807214943277295,0.6153484645608747,0.159195755673643,-0.6784154647785634
-0.5464338292862846,0.19592150074351689,0.5442415525855115,-0.3606066943141678,-0.3611029484886302
1.5462270848918052,-0.2874978778252213,-0.16779659922492957,2.5373209209089196,-0.7010527209311093
0.9930705010969242,-0.40851252603332,0.1493367483994767,0.45328668260565597,-0.7446156989745705
0.424940609538476,0.7091944232212843,0.6961281078247198,0.6109306129818965,-0.23903035980083887
0.32069935987058873,-0.1074965724058271,-0.1399001314408596,-1.0367954148657241,-0.40088859821379663
1.3832671875577942,0.41923520482600024,-1.524349717851981,2.48569414038573,0.43175528085920317
-0.23421287289355158,0.7080547780732194,-1.5188670806579843,0.5723719145847725,0.7970831188960085
0.4897638778096948,0.5454562686931739,-1.3149470396379306,0.5547932716259327,-0.23098240730471487
-0.11905737142363262,-0.09636911597950765,-0.26425865847814306,1.3457296364977906,0.4160241037774153
1.521602485019502,0.4232343258958311,1.014104483106193,0.2658098736108302,-1.0330875150371974
-0.1628703243178226,0.25164497817765535,0.5704706667994794,0.4111288649950928,0.11247511491982248
-0.11775662670104961,0.009673619736861094,1.425073194590531,-0.6978581726387545,-1.0602585870356116
-2.311134356185763,0.15557588782192852,-0.38969327059979975,-0.12003051769131479,1.520593699341012
0.3388185588171361,0.07535134569998356,-1.1841797017641775,-0.11726011422808302,0.33856021657929253
-0.21890570473614468,0.6661996040567939,-0.42736789868205993,1.1196267000799338,-0.18402273531389987
0.6322880793427104,0.27136634992787284,0.48673803041138597,1.6583039240569069,-0.06649332659711607
-1.2368651387005247,0.12079725401634137,-0.5785655959727218,-0.6330491026294567,1.0294237564513191
-0.6895670276598332,0.4312743832219319,-2.1171407791112635,1.1523431812600369,0.6939876630844559
1.3115624707171496,0.4314503988534927,-0.33303038478944574,0.9481820111558104,0.6027667840454198
-0.595341942143273,0.5078226129413723,0.08073265741079338,0.43851151261581006,0.6699457279737644
0.2910328202405196,0.6584065336281029,-1.2689304709994123,0.31535735172870294,0.3595286697456046
0.9505680336077459,-0.00831936551777307,-1.5588358428149842,0.5985081082480238,-0.07851479642827508
0.18385447424417609,0.06946455908134494,0.18025789632035022,0.20435096269913433,-0.4106432131414259
0.16776432928655788,0.7079140588133779,0.35645331575505623,2.0105060558229297,-0.25689550839569913
1.2242020584037046,0.01503238044604821,-1.0440992246789638,-0.8037100616219222,0.7450988019292342
-0.37585848900275176,0.5471624350290467,-0.26175605883364716,0.5070385274133696,0.024145732538216197
0.6418044081677329,-0.5639686394112029,0.8866053940859011,1.326340190354444,-1.2988631445307912
-0.13202836053389028,0.2682936931185456,-0.6494780748839052,0.8943832046436733,-0.01861936624014776
-0.9200343023961414,-0.050981655480335175,0.5278295410909959,0.5544778256296743,0.08438607579075569
0.1588089040067664,0.19503529858198382,-1.2367098392043785,1.3901803828482748,-0.29560604629945675
1.339589505882346,0.4295296972109178,-0.08099980322102618,0.8796081901357615,-0.8463133968754697
-0.036767289799664093,-0.4760289761443942,-0.5787760977352621,1.5328661511986281,0.08887908844543235
-0.520057326798334,-0.3082367552105568,-0.4010438236126534,1.2378726085552496,0.609656954586153
-0.06861462349607389,0.2610555907857449,1.0209039004113865,0.5540237028276551,-0.82218122533195
-0.3237676759869657,-0.17702462657543533,0.15972336370273185,0.6380290775245585,-0.4968662927960475
0.5902786994244607,0.3584591520469975,-1.8775713391259177,0.8413323120828926,0.5610446105385473
-0.7998081762532511,0.2991944752352038,0.786684603711903,-0.7252130793294984,-0.09013322630795106
0.9490812081015622,-0.12666042058463134,0.2934928291887883,0.22266739883542647,-0.24535925775492556
0.5025927058610495,0.6226331177221388,-2.448977150204823,1.0998763908981553,1.3399654959751186
1.2487011793303262,0.5444145539394507,0.41834884638749525,0.1078201895263767,-0.71312620254979
-0.29707146587711647,0.4364671383192874,-0.2170206652463963,0.5664355379369082,0.2037552406372496
0.9891210282153514,0.052797144169612786,-0.0843732141634127,0.4267878208762474,-0.7811215563111571
-0.7917593320977918,0.0632332270597322,-0.2819132409846864,0.60701207319268,1.2018733282822949
0.6791239800402363,-0.2679718415274851,1.0239232755211223,-0.5341095646510102,-0.4710127330505018
-0.08245898461049361,-0.5160633762166503,-0.166395574146756,0.4711329396372745,-0.25926416781180667
-0.9036060147528852,0.12820365620741497,-0.11646376683041848,1.0890666097703912,0.9907846110779085
0.8512093693578276,0.5440145135179018,0.47399614265942314,-1.20235665819909,-0.5999155928474096
1.4617370104939669,0.17252306640981013,-1.7777554018623,-1.567180703969758,-0.1380810712326741
1.7691404342327761,0.4913952036910686,-1.734030418737001,0.13842523374549226,-0.3205724792192257
0.5429199644158751,0.05594314156103472,-0.10838207328004262,0.3652947694188143,-0.30426152907564485
-0.09323544179719889,0.09576269971050666,-1.1606143526017079,0.6096117471284993,1.1237170128845058
1.4847921628676874,0.10491013913076108,-0.6911911194834627,1.1118334918518102,-0.22895968135941974
-0.7450224195216169,0.7318810455679344,-0.6566433635618925,-0.425907484134337,0.45692346397940675
0.2565285326886031,-0.16722405524817313,-1.0944023166336816,0.6323833318215561,0.13730211157870353
-1.2336566899020291,0.007536998876699674,-0.24522273592133828,0.9502586799094538,-0.0027812112822775126
0.2578714655067807,0.55990420258567,-0.781236500779831,0.8145228939485534,0.1801008593030976
0.36273159954595113,0.6434999683068574,-0.0640608218340526,-0.39004238922139034,0.03783377419223359
-0.2471002249262257,0.506012463354834,-1.9849780826080095,-0.2413638319313849,1.0933992369590804
1.0886265759088436,1.2712438845411451,-1.6709853818491238,0.2333513884243081,1.316571710289515
0.008734965066328343,0.22688806230271005,-1.5805519244929522,0.6740838916351408,0.6884913336770343
0.5630967490499303,0.28136818176857314,-1.8333502867039422,0.3550632727596766,0.3416288172374442
0.6215038494739124,0.057863902831117725,-0.31248050763237223,-0.5789993425663086,-0.8260352915024229
0.013074549131752669,0.15531314560143167,0.27208634427650685,1.2568613451372717,0.32970111730052776
-2.230173696836632,0.9476894565556341,-0.8425065673367771,1.4942946734748221,0.9449883426199849
-0.2557659802625053,0.6804342803079835,-0.1858396598668306,2.111530359810015,-0.10552281614321737
0.27262057396778433,0.15075551356575217,-0.36083489914587746,-0.015011344558868767,0.03586267744902738
-0.8117557896861719,0.7811532111174541,-2.361725267065159,0.24559236989801259,1.7574121917045833
0.16862322783407344,-0.07472557034047111,1.4167325209533532,0.7989050189349263,0.21338924057449737
-1.2523749392269523,0.9778436599026158,-1.2980136283801413,-0.7545834891217293,0.8841243054781596
0.6946918208195682,0.1354645973749654,1.334373235244549,-0.4744303968058957,-1.1146211157370565
0.6908248862386319,0.5910906614737739,-1.2483342494272014,-0.6330321862705524,-0.025552364670080596
0.4898105203158658,-0.2177703141584984,-1.1666648696644832,1.2013756019770643,-0.09797615891205791
-0.32778598139562004,0.3455194755990507,-2.1891225567802404,0.6946290111887878,1.6413038677860317
0.38413430489332523,0.12437647646140626,1.1379056254603053,-0.18418179061000306,-0.5545914297306423
-1.0437875288340415,0.19363540880273256,-1.0609238097898632,-0.8623892824822232,0.6852726548468757
-0.6061272460901026,0.24007610844820743,0.37406613987439585,-0.06083324987358413,0.021550610124153463
0.502478390479556,-0.3616897885334168,-0.2826832263042891,1.3077447602844225,0.7278324745368048
-0.5112453954503404,-0.348766453583938,0.5960379243424752,0.3683883241607501,-0.03245895487103284
-0.11966187873494089,0.8061698155120262,0.10566857728404877,1.2376857549925513,1.16004490763558
0.0891409389516509,-0.1672614597666744,-0.6739545594228489,0.30237384785065574,0.00837576590903788
1.0853575867311318,-0.5719109785704871,1.2656034982887117,1.5825141135289917,-1.8733534584665654
-0.5139500689092563,0.4470240998508503,-0.3673340619116747,-0.07297483651671999,0.07863183298705068
-0.41124211442601977,0.2786234703200328,-0.542874846910891,0.17441132830989842,0.2807090088851567
-0.5419652629354533,0.3395392612776845,-1.1929793385897076,0.38869082375540415,0.5975842562463992
-1.4195503585528848,0.1051023516518855,-1.0636565291242632,-0.25633126210117796,0.8212227956977352
0.2737476939697613,0.5364493281728387,-1.788414179137808,0.1079847994280781,0.7082255155839788
-1.8050039918911658,0.6271945950495914,-1.8910703961779045,0.10736663618228703,1.4350983780207844
-0.6518397979715986,0.19500077499673957,-0.277656776840266,-0.32676302152824555,-0.23382553259979189
1.2869690838565444,0.4338950965163088,-0.5589086967208923,1.4810200226958008,0.3186064779416599
0.10097842379204935,-0.4640603533638171,1.4613617488977295,0.645469088342083,-1.1260323004226374
-1.990530928819017,0.1769847267393574,-0.13336370546308496,-0.49067278973937345,1.0335438020132874
-0.8322033786477105,-0.06914996900163017,-1.41392172551621,-0.4285948652953666,0.5074695431599863
1.6197618201652153,-0.15944760444120637,0.06684662341389422,0.34011150659272976,-0.18602302583156033
-0.17347111242028973,0.6396386244256929,-1.2653963238349473,-0.4451431596084898,0.923760767860289
1.7888091762260925,-0.5429219839122419,1.2222088296966116,1.4369680372724005,-2.132782517907589
-0.4267802896187427,0.3671177578590842,-0.8807846918053579,1.1539346113811602,0.09351861483866314
-2.161601214693098,-0.25333570962651397,0.33159532806125197,0.05212233607220884,0.7314540781869502
0.3259998057981134,0.695372666348485,-1.3660342223000748,1.1742317622535607,0.12342657045474392
-0.1352460147695504,0.32550427417889594,0.859722609361009,-0.29608242280346364,-0.6732297869090587
0.33843322203870946,0.6188988494720304,-2.1518784072950563,0.2920223843159043,0.7299083166642015
-0.8877672271015437,0.17284891815518197,-0.03583041111527718,0.4260741105972584,0.6659877210818546
-0.908115283373781,-0.2778229205439967,0.4672245888263753,-1.3201422515635883,0.3937298942044556
-0.4671325212224696,1.1950283908252677,-3.1439685632204597,0.7735867479191412,1.855842971574774
-0.902525141946194,0.20927286648319357,-0.6746984687977791,0.9253084023430619,0.5082955195928157
0.8627264929498252,-0.1563681612255846,-1.9538662181353708,-0.21830906138508488,-0.23295572315103208
1.1036213283712293,0.6958260616606478,-0.20606930445997063,1.6067932212795564,-0.31813674825453175
-0.12297521898871891,1.0802808521949312,-1.8182993836664605,0.4892562677349305,0.8598836285781255
0.9434416021405669,0.28749166950004146,-0.8833239507377127,-0.06580360057674056,-0.008330193278042464
-0.5638771831294398,0.09902558535144465,-0.10085343194839665,1.800872865990528,1.2127410677123953
-0.21038742305038233,0.534411017584409,-0.39491636190367874,1.18942593997248,0.27522972206176405
-1.4600705032656949,0.6210484982100457,-1.26026323327833,0.1537961507111313,1.2776039800745336
1.2303038487782918,0.6522051920553467,-1.420538835675417,2.007337211287928,0.566096959039208
-0.4157029283695943,0.17109873731140712,-1.029394475874007,1.9609209509678374,0.6825181946051553
